player_id,player_name,position,batting_team,home_team,opposing_pitcher,pitcher_id,game_date,bat_side,pitch_hand,hr_rate_last7,hr_rate_last15,hr_rate_last30,barrel_rate_last7,barrel_rate_last15,barrel_rate_last30,avg_ev_last7,avg_ev_last15,avg_ev_last30,park_factor,temp_f,wind_mph,wind_boost,wind_component_mph,temp_boost,precip_mm,wind_label,platoon_advantage,platoon_hr_multiplier,days_rest,rest_hr_multiplier,days_since_il,il_return_multiplier,expected_pa,month,season_hr_fb_rate,season_fb_rate,season_avg_la,season_barrel_rate,season_hard_hit_rate,season_avg_ev,season_weight,pitcher_hrfb,pitcher_hr9,pitcher_hard_pct,pitcher_fip,pitcher_xfip,pitcher_pitch_risk,adjustment_factor,implied_team_runs,total_line,vegas_hr_multiplier,h2h_ab,h2h_pa,h2h_hr,h2h_hits,h2h_bb,h2h_so,h2h_avg,h2h_hr_rate,h2h_bb_rate,h2h_k_rate,h2h_slg,h2h_ops,h2h_recent_ab,h2h_recent_hr,h2h_recent_hr_rate,h2h_recent_avg,h2h_blended_hr_rate,h2h_recent_blended_hr_rate,h2h_credibility_weight,h2h_is_dominated,h2h_is_owned,model_prob,hr_probability,hr_pct,model_pct
695657,Colson Montgomery,SS,CWS,CWS,Dylan Cease,656302,2026-04-02,R,R,0.16666666666666666,0.16666666666666666,0.16666666666666666,0,0,0,89.91891891891892,89.91891891891892,89.91891891891892,0.96,64.7,17.1,0.116,14.5,-0.0072999999999999975,0.1,Strong tailwind (14.5 mph out),0,0.92,1,1.0,99,1.0,3.8,4,0.29577464788732394,0.4104046242774567,17.96531791907515,0.14499999999999996,0.445,89.39999999999996,0.8,0.12,1.1,0.35,4.0,4.0,0.29369846839883895,0.92,4.5,9.0,1.0,3,3,0,1,0,0,0.333,0.0,0.0,0.0,0.0,0.666,9,0,0.0,0.333,0.05,0.042,0.0,0,0,0.15415167808532715,0.15711523546402362,15.7,15.4
665742,Juan Soto,RF,NYM,SFG,Robbie Ray,592662,2026-04-02,R,R,0.0,0.0,0.0,0,0,0,88.76363636363637,88.76363636363637,88.76363636363637,0.93,56.4,10.0,-0.0464,-9.3,-0.015600000000000001,0.0,Strong headwind (9.3 mph in),0,0.92,1,1.0,99,1.0,3.8,4,0.2810457516339869,0.33700440528634357,11.168514412416853,0.18100000000000002,0.5529999999999999,93.79999999999998,0.8,0.12,1.1,0.35,4.0,4.0,0.2281307419151398,0.92,3.79,7.5,0.9787,10,11,0,1,1,1,0.1,0.0,0.091,0.091,0.0,0.35,30,0,0.0,0.1,0.05,0.0,0.0,0,0,0.18242855866750082,0.1541942184212152,15.4,18.2
596019,Francisco Lindor,SS,NYM,SFG,Robbie Ray,592662,2026-04-02,R,R,0.0,0.0,0.0,0,0,0,91.93793103448277,91.93793103448277,91.93793103448277,0.93,56.4,10.0,-0.0464,-9.3,-0.015600000000000001,0.0,Strong headwind (9.3 mph in),0,0.92,1,1.0,99,1.0,3.8,4,0.15897435897435888,0.3658536585365853,14.963809523809518,0.08799999999999997,0.44400000000000006,90.5,0.8,0.12,1.1,0.35,4.0,4.0,0.2281307419151398,0.92,3.79,7.5,0.9787,8,9,1,1,1,2,0.125,0.125,0.111,0.222,0.0,0.722,24,3,0.125,0.125,0.05,0.107,0.0,0,0,0.15256166954835257,0.12894980681133175,12.9,15.3
669477,Casey Schmitt,3B,SFG,SFG,David Peterson,656849,2026-04-02,R,R,0.0,0.0,0.0,0,0,0,85.49459459459459,85.49459459459459,85.49459459459459,0.93,56.4,10.0,-0.0464,-9.3,-0.015600000000000001,0.0,Strong headwind (9.3 mph in),0,0.92,1,1.0,99,1.0,3.8,4,0.13793103448275856,0.37339055793991405,18.901287553648068,0.08999999999999997,0.43799999999999994,89.5,0.8,0.12,1.1,0.35,4.0,4.0,0.20192392358610708,0.92,3.71,7.5,0.9763,7,8,0,1,1,0,0.143,0.0,0.125,0.0,0.0,0.536,21,0,0.0,0.143,0.05,0.018,0.0,0,0,0.1512878860036532,0.12755959111363657,12.8,15.1
686475,Tyler Tolbert,2B,KCR,KCR,Taj Bradley,671737,2026-04-02,R,R,0.0,0.0,0.0,0,0,0,84.3785714285714,84.3785714285714,84.3785714285714,1.02,65.2,6.4,0.0062,0.8,-0.006799999999999997,0.0,Crosswind (6.4 mph),0,0.92,1,1.0,99,1.0,3.8,4,0.12,0.35,12.0,0.06,0.35,88.0,0.3,0.12,1.1,0.35,4.0,4.0,0.07181328545780968,0.92,4.93,9.0,1.0129,0,0,0,0,0,0,0.0,0.0,0.0,0.0,0.0,0.0,0,0,0.0,0.0,0.05,0.05,0.0,0,0,0.13192923367023468,0.12286168356613306,12.3,13.2
593871,Jorge Polanco,2B,NYM,SFG,Robbie Ray,592662,2026-04-02,R,R,0.13333333333333333,0.13333333333333333,0.13333333333333333,0,0,0,87.50526315789473,87.50526315789473,87.50526315789473,0.93,56.4,10.0,-0.0464,-9.3,-0.015600000000000001,0.0,Strong headwind (9.3 mph in),0,0.92,1,1.0,99,1.0,3.8,4,0.170886075949367,0.3901234567901235,16.53827160493827,0.10299999999999998,0.45799999999999985,90.79999999999998,0.8,0.12,1.1,0.35,4.0,4.0,0.2281307419151398,0.92,3.79,7.5,0.9787,6,7,0,1,1,0,0.167,0.0,0.143,0.0,0.0,0.453,18,0,0.0,0.167,0.05,0.024,0.0,0,0,0.1341083620985349,0.11335250483024714,11.3,13.4
671218,Heliot Ramos,LF,SFG,SFG,David Peterson,656849,2026-04-02,R,R,0.0,0.0,0.0,0,0,0,89.09473684210526,89.09473684210526,89.09473684210526,0.93,56.4,10.0,-0.0464,-9.3,-0.015600000000000001,0.0,Strong headwind (9.3 mph in),0,0.92,1,1.0,99,1.0,3.8,4,0.1466666666666666,0.31578947368421056,11.56263269639066,0.08799999999999997,0.47400000000000014,91.79999999999997,0.8,0.12,1.1,0.35,4.0,4.0,0.20192392358610708,0.92,3.71,7.5,0.9763,8,8,0,3,0,2,0.375,0.0,0.0,0.25,0.0,0.875,24,0,0.0,0.375,0.05,0.012,0.0,0,0,0.13003201534350714,0.10963753375798613,11.0,13.0
671976,Tristan Peters,LF,CWS,CWS,Dylan Cease,656302,2026-04-02,R,R,0.0,0.0,0.0,0,0,0,78.53076923076922,78.53076923076922,78.53076923076922,0.96,64.7,17.1,0.116,14.5,-0.0072999999999999975,0.1,Strong tailwind (14.5 mph out),0,0.92,1,1.0,99,1.0,3.8,4,0.12,0.35,12.0,0.06,0.35,88.0,0.3,0.12,1.1,0.35,4.0,4.0,0.29369846839883895,0.92,4.5,9.0,1.0,0,0,0,0,0,0,0.0,0.0,0.0,0.0,0.0,0.0,0,0,0.0,0.0,0.05,0.05,0.0,0,0,0.10740638275941213,0.1094712644532044,10.9,10.7
660670,Ronald Acuña Jr.,RF,ATL,AZ,Ryne Nelson,669194,2026-04-02,R,R,0.0,0.0,0.0,0,0,0,88.24705882352941,88.24705882352941,88.24705882352941,1.0,72.0,5.0,0.0,0.0,0.0,0.0,Unknown,0,0.92,1,1.0,99,1.0,3.8,4,0.25609756097560976,0.34745762711864403,13.3728813559322,0.157,0.525,92.70000000000006,0.8,0.12,1.1,0.35,4.0,4.0,0.15562236096575116,0.92,4.28,9.0,0.9934,9,9,0,1,0,1,0.111,0.0,0.0,0.111,0.0,0.333,27,0,0.0,0.111,0.05,0.006,0.0,0,0,0.11922147621711095,0.10895984531615177,10.9,11.9
662139,Daulton Varsho,CF,TOR,CWS,Sean Burke,680732,2026-04-02,R,R,0.2222222222222222,0.2222222222222222,0.2222222222222222,0,0,0,85.19361702127658,85.19361702127658,85.19361702127658,0.96,64.7,17.1,0.116,14.5,-0.0072999999999999975,0.1,Strong tailwind (14.5 mph out),0,0.92,1,1.0,99,1.0,3.8,4,0.217391304347826,0.5054945054945054,23.071428571428584,0.15900000000000006,0.40299999999999986,89.89999999999996,0.8,0.12,1.1,0.35,4.0,4.0,0.20097800301845128,0.92,4.5,9.0,1.0,0,0,0,0,0,0,0.0,0.0,0.0,0.0,0.0,0.0,0,0,0.0,0.0,0.05,0.05,0.0,0,0,0.10663048177957535,0.10868044682048073,10.9,10.7
516782,Starling Marte,LF,KCR,KCR,Taj Bradley,671737,2026-04-02,R,R,0.0,0.0,0.0,0,0,0,89.31764705882352,89.31764705882352,89.31764705882352,1.02,65.2,6.4,0.0062,0.8,-0.006799999999999997,0.0,Crosswind (6.4 mph),0,0.92,6,0.94,99,1.0,3.8,4,0.1515151515151515,0.28205128205128194,9.245689655172415,0.078,0.4039999999999998,87.60000000000001,0.8,0.12,1.1,0.35,4.0,4.0,0.07181328545780968,0.8648,4.93,9.0,1.0129,2,2,0,2,0,0,1.0,0.0,0.0,0.0,0.0,2.0,6,0,0.0,1.0,0.05,0.048,0.0,0,0,0.12378830959399541,0.1083634712144774,10.8,12.4
701807,Carson Benge,OF,NYM,SFG,Robbie Ray,592662,2026-04-02,R,R,0.07142857142857142,0.07142857142857142,0.07142857142857142,0,0,0,88.4125,88.4125,88.4125,0.93,56.4,10.0,-0.0464,-9.3,-0.015600000000000001,0.0,Strong headwind (9.3 mph in),0,0.92,1,1.0,99,1.0,3.8,4,0.12,0.35,12.0,0.06,0.35,88.0,0.3,0.12,1.1,0.35,4.0,4.0,0.2281307419151398,0.92,3.79,7.5,0.9787,0,0,0,0,0,0,0.0,0.0,0.0,0.0,0.0,0.0,0,0,0.0,0.0,0.05,0.05,0.0,0,0,0.12799262255430222,0.10818329401161957,10.8,12.8
682998,Corbin Carroll,RF,AZ,AZ,Reynaldo López,625643,2026-04-02,R,R,0.16666666666666666,0.16666666666666666,0.16666666666666666,0,0,0,94.10384615384615,94.10384615384615,94.10384615384615,1.0,72.0,5.0,0.0,0.0,0.0,0.0,Unknown,0,0.92,1,1.0,99,1.0,3.8,4,0.17714285714285707,0.41079812206572763,16.42755344418052,0.145,0.4990000000000001,92.10000000000001,0.8,0.12,1.1,0.35,4.0,4.0,0.2341210997837503,0.92,4.5,9.0,1.0,0,0,0,0,0,0,0.0,0.0,0.0,0.0,0.0,0.0,0,0,0.0,0.0,0.05,0.05,0.0,0,0,0.11723979438344638,0.10786061083277067,10.8,11.7
624512,Reese McGuire,C,CWS,CWS,Dylan Cease,656302,2026-04-02,R,R,0.18181818181818182,0.18181818181818182,0.18181818181818182,0,0,0,89.58125000000001,89.58125000000001,89.58125000000001,0.96,64.7,17.1,0.116,14.5,-0.0072999999999999975,0.1,Strong tailwind (14.5 mph out),0,0.92,1,1.0,99,1.0,3.8,4,0.20930232558139536,0.38053097345132736,15.657407407407407,0.092,0.36700000000000005,85.1,0.8,0.12,1.1,0.35,4.0,4.0,0.29369846839883895,0.92,4.5,9.0,1.0,2,2,0,0,0,1,0.0,0.0,0.0,0.5,0.0,0.0,6,0,0.0,0.0,0.05,0.048,0.0,0,0,0.10550685599446297,0.10753521939257259,10.8,10.6
676724,Jared Young,LF,NYM,SFG,Robbie Ray,592662,2026-04-02,R,R,0.0,0.0,0.0,0,0,0,87.16666666666667,87.16666666666667,87.16666666666667,0.93,56.4,10.0,-0.0464,-9.3,-0.015600000000000001,0.0,Strong headwind (9.3 mph in),0,0.92,1,1.0,99,1.0,3.8,4,0.12,0.35,12.0,0.06,0.35,88.0,0.3,0.12,1.1,0.35,4.0,4.0,0.2281307419151398,0.92,3.79,7.5,0.9787,0,0,0,0,0,0,0.0,0.0,0.0,0.0,0.0,0.0,0,0,0.0,0.0,0.05,0.05,0.0,0,0,0.12650389969348907,0.1069249797452263,10.7,12.7
605137,Josh Bell,1B,MIN,KCR,Cole Ragans,666142,2026-04-02,R,R,0.058823529411764705,0.058823529411764705,0.058823529411764705,0,0,0,89.41874999999999,89.41874999999999,89.41874999999999,1.02,65.2,6.4,0.0062,0.8,-0.006799999999999997,0.0,Crosswind (6.4 mph),0,0.92,1,1.0,99,1.0,3.8,4,0.1705426356589147,0.33333333333333326,10.332453825857522,0.11999999999999997,0.46999999999999986,90.39999999999999,0.8,0.12,1.1,0.35,4.0,4.0,0.15984009297262305,0.92,4.07,9.0,0.9871,0,0,0,0,0,0,0.0,0.0,0.0,0.0,0.0,0.0,0,0,0.0,0.0,0.05,0.05,0.0,0,0,0.1156421775619189,0.10495092340232268,10.5,11.6
695506,Jac Caglianone,RF,KCR,KCR,Taj Bradley,671737,2026-04-02,R,R,0.0,0.0,0.0,0,0,0,81.74,81.74,81.74,1.02,65.2,6.4,0.0062,0.8,-0.006799999999999997,0.0,Crosswind (6.4 mph),0,0.92,1,1.0,99,1.0,3.8,4,0.17500000000000007,0.2531645569620253,4.075949367088608,0.12000000000000001,0.42399999999999993,89.39999999999996,0.8,0.12,1.1,0.35,4.0,4.0,0.07181328545780968,0.92,4.93,9.0,1.0129,2,2,0,0,0,0,0.0,0.0,0.0,0.0,0.0,0.0,6,0,0.0,0.0,0.05,0.048,0.0,0,0,0.11169753099481265,0.10402051407730731,10.4,11.2
669720,Austin Hays,LF,CWS,CWS,Dylan Cease,656302,2026-04-02,R,R,0.13333333333333333,0.13333333333333333,0.13333333333333333,0,0,0,91.09230769230768,91.09230769230768,91.09230769230768,0.96,64.7,17.1,0.116,14.5,-0.0072999999999999975,0.1,Strong tailwind (14.5 mph out),0,0.92,2,1.03,99,1.0,3.8,4,0.16494845360824734,0.3310580204778158,14.359861591695505,0.104,0.384,88.79999999999994,0.8,0.12,1.1,0.35,4.0,4.0,0.29369846839883895,0.9476000000000001,4.5,9.0,1.0,13,13,1,2,0,3,0.154,0.0769,0.0,0.231,0.0,0.539,39,3,0.0769,0.154,0.0516,0.0769,0.06,0,0,0.0981123223900795,0.10271104016629216,10.3,9.8
521692,Salvador Perez,C,KCR,KCR,Taj Bradley,671737,2026-04-02,R,R,0.42857142857142855,0.42857142857142855,0.42857142857142855,0,0,0,93.76,93.76,93.76,1.02,65.2,6.4,0.0062,0.8,-0.006799999999999997,0.0,Crosswind (6.4 mph),0,0.92,1,1.0,99,1.0,3.8,4,0.1576354679802955,0.4185567010309278,18.23505154639176,0.14799999999999996,0.467,90.0,0.8,0.12,1.1,0.35,4.0,4.0,0.07181328545780968,0.92,4.93,9.0,1.0129,8,8,0,2,0,2,0.25,0.0,0.0,0.25,0.0,0.625,24,0,0.0,0.25,0.05,0.012,0.0,0,0,0.10960489884018898,0.10207170938520747,10.2,11.0
686469,Vinnie Pasquantino,1B,KCR,KCR,Taj Bradley,671737,2026-04-02,R,R,0.0,0.0,0.0,0,0,0,90.58571428571429,90.58571428571429,90.58571428571429,1.02,65.2,6.4,0.0062,0.8,-0.006799999999999997,0.0,Crosswind (6.4 mph),0,0.92,1,1.0,99,1.0,3.8,4,0.16243654822335024,0.3759541984732823,16.046065259117086,0.10800000000000003,0.44700000000000006,90.89999999999996,0.8,0.12,1.1,0.35,4.0,4.0,0.07181328545780968,0.92,4.93,9.0,1.0129,8,8,0,0,0,2,0.0,0.0,0.0,0.25,0.0,0.0,24,0,0.0,0.0,0.05,0.012,0.0,0,0,0.10758565117915471,0.10019124544048572,10.0,10.8
673357,Luis Robert Jr.,CF,NYM,SFG,Robbie Ray,592662,2026-04-02,R,R,0.08333333333333333,0.08333333333333333,0.08333333333333333,0,0,0,84.14074074074075,84.14074074074075,84.14074074074075,0.93,56.4,10.0,-0.0464,-9.3,-0.015600000000000001,0.0,Strong headwind (9.3 mph in),0,0.92,1,1.0,99,1.0,3.8,4,0.1454545454545454,0.38596491228070157,18.303886925795048,0.10200000000000004,0.4159999999999999,89.39999999999999,0.8,0.12,1.1,0.35,4.0,4.0,0.2281307419151398,0.92,3.79,7.5,0.9787,10,10,1,1,0,4,0.1,0.1,0.0,0.4,0.0,0.5,30,3,0.1,0.1,0.05,0.1,0.0,0,1,0.1173263614376386,0.09916784265699818,9.9,11.7
680718,Addison Barger,3B,TOR,CWS,Sean Burke,680732,2026-04-02,R,R,0.13333333333333333,0.13333333333333333,0.13333333333333333,0,0,0,91.88275862068966,91.88275862068966,91.88275862068966,0.96,64.7,17.1,0.116,14.5,-0.0072999999999999975,0.1,Strong tailwind (14.5 mph out),0,0.92,1,1.0,99,1.0,3.8,4,0.1964285714285714,0.3265306122448979,11.822157434402332,0.114,0.5099999999999998,91.7,0.8,0.12,1.1,0.35,4.0,4.0,0.20097800301845128,0.92,4.5,9.0,1.0,3,3,1,1,0,0,0.333,0.3333,0.0,0.0,0.0,1.666,9,3,0.3333,0.333,0.05,0.095328,0.0,0,0,0.09620343893766403,0.09805294466384806,9.8,9.6
666931,Jared Oliva,OF,SFG,SFG,David Peterson,656849,2026-04-02,R,R,0.08333333333333333,0.08333333333333333,0.08333333333333333,0,0,0,85.74799999999999,85.74799999999999,85.74799999999999,0.93,56.4,10.0,-0.0464,-9.3,-0.015600000000000001,0.0,Strong headwind (9.3 mph in),0,0.92,2,1.03,99,1.0,3.8,4,0.12,0.35,12.0,0.06,0.35,88.0,0.3,0.12,1.1,0.35,4.0,4.0,0.20192392358610708,0.9476000000000001,3.71,7.5,0.9763,0,0,0,0,0,0,0.0,0.0,0.0,0.0,0.0,0.0,0,0,0.0,0.0,0.05,0.05,0.0,0,0,0.1107366681098938,0.09616956263236265,9.6,11.1
682626,Francisco Alvarez,C,NYM,SFG,Robbie Ray,592662,2026-04-02,R,R,0.15384615384615385,0.15384615384615385,0.15384615384615385,0,0,0,93.2653846153846,93.2653846153846,93.2653846153846,0.93,56.4,10.0,-0.0464,-9.3,-0.015600000000000001,0.0,Strong headwind (9.3 mph in),0,0.92,1,1.0,99,1.0,3.8,4,0.21999999999999997,0.2890173410404624,9.687861271676299,0.12100000000000001,0.543,93.10000000000002,0.8,0.12,1.1,0.35,4.0,4.0,0.2281307419151398,0.92,3.79,7.5,0.9787,2,2,0,1,0,0,0.5,0.0,0.0,0.0,0.0,2.0,6,0,0.0,0.5,0.05,0.048,0.0,0,0,0.11314648141463597,0.09563487973743665,9.6,11.3
663616,Trevor Larnach,RF,MIN,KCR,Cole Ragans,666142,2026-04-02,R,R,0.0625,0.0625,0.0625,0,0,0,85.60999999999999,85.60999999999999,85.60999999999999,1.02,65.2,6.4,0.0062,0.8,-0.006799999999999997,0.0,Crosswind (6.4 mph),0,0.92,3,1.01,99,1.0,3.8,4,0.1475409836065573,0.30653266331658285,10.992462311557787,0.072,0.45699999999999996,90.89999999999999,0.8,0.12,1.1,0.35,4.0,4.0,0.15984009297262305,0.9292,4.07,9.0,0.9871,8,8,0,0,0,2,0.0,0.0,0.0,0.25,0.0,0.0,24,0,0.0,0.0,0.05,0.012,0.0,0,0,0.10374531894922256,0.09509548267305049,9.5,10.4
660821,Jesús Sánchez,RF,TOR,CWS,Sean Burke,680732,2026-04-02,R,R,0.125,0.125,0.125,0,0,0,91.94117647058823,91.94117647058823,91.94117647058823,0.96,64.7,17.1,0.116,14.5,-0.0072999999999999975,0.1,Strong tailwind (14.5 mph out),0,0.92,1,1.0,99,1.0,3.8,4,0.14285714285714277,0.2857142857142856,9.043731778425656,0.11099999999999999,0.4340000000000001,91.3,0.8,0.12,1.1,0.35,4.0,4.0,0.20097800301845128,0.92,4.5,9.0,1.0,2,2,0,0,0,1,0.0,0.0,0.0,0.5,0.0,0.0,6,0,0.0,0.0,0.05,0.048,0.0,0,0,0.09254237512747447,0.09432149710692718,9.4,9.3
646240,Rafael Devers,DH,SFG,SFG,David Peterson,656849,2026-04-02,R,R,0.09090909090909091,0.09090909090909091,0.09090909090909091,0,0,0,88.37241379310348,88.37241379310348,88.37241379310348,0.93,56.4,10.0,-0.0464,-9.3,-0.015600000000000001,0.0,Strong headwind (9.3 mph in),0,0.92,1,1.0,99,1.0,3.8,4,0.24305555555555552,0.3412322274881517,12.566985645933014,0.15999999999999998,0.561,93.5,0.8,0.12,1.1,0.35,4.0,4.0,0.20192392358610708,0.92,3.71,7.5,0.9763,16,16,0,5,0,6,0.312,0.0,0.0,0.375,0.0,0.688,48,0,0.0,0.312,0.044,0.0,0.12,1,0,0.11197321613629659,0.09384464609205963,9.4,11.2
606466,Ketel Marte,2B,AZ,AZ,Reynaldo López,625643,2026-04-02,R,R,0.125,0.125,0.125,0,0,0,90.91666666666667,90.91666666666667,90.91666666666667,1.0,72.0,5.0,0.0,0.0,0.0,0.0,Unknown,0,0.92,1,1.0,99,1.0,3.8,4,0.1920529801324503,0.3673965936739659,14.625615763546794,0.135,0.46999999999999986,90.79999999999998,0.8,0.12,1.1,0.35,4.0,4.0,0.2341210997837503,0.92,4.5,9.0,1.0,0,0,0,0,0,0,0.0,0.0,0.0,0.0,0.0,0.0,0,0,0.0,0.0,0.05,0.05,0.0,0,0,0.10036746909221013,0.09233807156483333,9.2,10.0
665489,Vladimir Guerrero Jr.,1B,TOR,CWS,Sean Burke,680732,2026-04-02,R,R,0.125,0.125,0.125,0,0,0,94.37391304347825,94.37391304347825,94.37391304347825,0.96,64.7,17.1,0.116,14.5,-0.0072999999999999975,0.1,Strong tailwind (14.5 mph out),0,0.92,1,1.0,99,1.0,3.8,4,0.17829457364341078,0.2559523809523809,7.716269841269843,0.12199999999999998,0.5069999999999999,92.0,0.8,0.12,1.1,0.35,4.0,4.0,0.20097800301845128,0.92,4.5,9.0,1.0,1,3,0,0,2,0,0.0,0.0,0.667,0.0,0.0,0.667,3,0,0.0,0.0,0.05,0.05,0.0,0,0,0.09056966255108516,0.09231085924172869,9.2,9.1
621439,Byron Buxton,CF,MIN,KCR,Cole Ragans,666142,2026-04-02,R,R,0.2857142857142857,0.2857142857142857,0.2857142857142857,0,0,0,91.81333333333332,91.81333333333332,91.81333333333332,1.02,65.2,6.4,0.0062,0.8,-0.006799999999999997,0.0,Crosswind (6.4 mph),0,0.92,1,1.0,99,1.0,3.8,4,0.25,0.4204545454545453,17.772079772079767,0.17600000000000002,0.538,92.5,0.8,0.12,1.1,0.35,4.0,4.0,0.15984009297262305,0.92,4.07,9.0,0.9871,9,11,0,3,2,4,0.333,0.0,0.182,0.364,0.0,1.011,27,0,0.0,0.333,0.05,0.006,0.0,0,0,0.10132492706179619,0.0919573194054964,9.2,10.1
665019,Kody Clemens,2B,MIN,KCR,Cole Ragans,666142,2026-04-02,R,R,0.08333333333333333,0.08333333333333333,0.08333333333333333,0,0,0,93.675,93.675,93.675,1.02,65.2,6.4,0.0062,0.8,-0.006799999999999997,0.0,Crosswind (6.4 mph),0,0.92,4,0.98,99,1.0,3.8,4,0.17592592592592593,0.3985239852398525,15.193308550185874,0.12000000000000001,0.4829999999999998,91.5,0.8,0.12,1.1,0.35,4.0,4.0,0.15984009297262305,0.9016000000000001,4.07,9.0,0.9871,0,0,0,0,0,0,0.0,0.0,0.0,0.0,0.0,0.0,0,0,0.0,0.0,0.05,0.05,0.0,0,0,0.10130416229367256,0.0900997048771105,9.0,10.1
656305,Matt Chapman,3B,SFG,SFG,David Peterson,656849,2026-04-02,R,R,0.2,0.2,0.2,0,0,0,93.57894736842107,93.57894736842107,93.57894736842107,0.93,56.4,10.0,-0.0464,-9.3,-0.015600000000000001,0.0,Strong headwind (9.3 mph in),0,0.92,1,1.0,99,1.0,3.8,4,0.18110236220472434,0.371345029239766,15.328402366863902,0.09899999999999999,0.476,92.2,0.8,0.12,1.1,0.35,4.0,4.0,0.20192392358610708,0.92,3.71,7.5,0.9763,5,6,0,1,1,1,0.2,0.0,0.167,0.167,0.0,0.533,15,0,0.0,0.2,0.05,0.03,0.0,0,0,0.10504607607920964,0.08857043922493818,8.9,10.5
683146,Brett Baty,3B,NYM,SFG,Robbie Ray,592662,2026-04-02,R,R,0.0625,0.0625,0.0625,0,0,0,91.85249999999999,91.85249999999999,91.85249999999999,0.93,56.4,10.0,-0.0464,-9.3,-0.015600000000000001,0.0,Strong headwind (9.3 mph in),0,0.92,1,1.0,99,1.0,3.8,4,0.25974025974025977,0.2601351351351351,5.989726027397262,0.12800000000000006,0.4690000000000001,90.70000000000003,0.8,0.12,1.1,0.35,4.0,4.0,0.2281307419151398,0.92,3.79,7.5,0.9787,3,3,0,1,0,0,0.333,0.0,0.0,0.0,0.0,0.666,9,0,0.0,0.333,0.05,0.042,0.0,0,0,0.10468652968605359,0.08848426881227145,8.8,10.5
642715,Willy Adames,SS,SFG,SFG,David Peterson,656849,2026-04-02,R,R,0.0625,0.0625,0.0625,0,0,0,89.67647058823529,89.67647058823529,89.67647058823529,0.93,56.4,10.0,-0.0464,-9.3,-0.015600000000000001,0.0,Strong headwind (9.3 mph in),0,0.92,1,1.0,99,1.0,3.8,4,0.15306122448979592,0.4568764568764569,21.284705882352938,0.12599999999999997,0.428,88.89999999999998,0.8,0.12,1.1,0.35,4.0,4.0,0.20192392358610708,0.92,3.71,7.5,0.9763,13,22,0,3,9,2,0.231,0.0,0.409,0.091,0.0,0.853,39,0,0.0,0.231,0.047,0.0,0.06,0,0,0.10504607607920964,0.08830472790726336,8.8,10.5
672820,Lenyn Sosa,2B,CWS,CWS,Dylan Cease,656302,2026-04-02,R,R,0.07692307692307693,0.07692307692307693,0.07692307692307693,0,0,0,91.02666666666667,91.02666666666667,91.02666666666667,0.96,64.7,17.1,0.116,14.5,-0.0072999999999999975,0.1,Strong tailwind (14.5 mph out),0,0.92,1,1.0,99,1.0,3.8,4,0.14102564102564097,0.3851851851851853,18.089330024813908,0.10399999999999998,0.4379999999999999,90.70000000000002,0.8,0.12,1.1,0.35,4.0,4.0,0.29369846839883895,0.92,4.5,9.0,1.0,0,0,0,0,0,0,0.0,0.0,0.0,0.0,0.0,0.0,0,0,0.0,0.0,0.05,0.05,0.0,0,0,0.08595990700026353,0.08761248139858882,8.8,8.6
694374,Tim Tawa,2B,AZ,AZ,Reynaldo López,625643,2026-04-02,R,R,0.07142857142857142,0.07142857142857142,0.07142857142857142,0,0,0,87.59655172413794,87.59655172413794,87.59655172413794,1.0,72.0,5.0,0.0,0.0,0.0,0.0,Unknown,0,0.92,1,1.0,99,1.0,3.8,4,0.15909090909090903,0.3142857142857142,5.892857142857146,0.09299999999999999,0.4209999999999999,89.2,0.8,0.12,1.1,0.35,4.0,4.0,0.2341210997837503,0.92,4.5,9.0,1.0,0,0,0,0,0,0,0.0,0.0,0.0,0.0,0.0,0.0,0,0,0.0,0.0,0.05,0.05,0.0,0,0,0.09416767582297325,0.0866342617571354,8.7,9.4
670242,Matt Wallner,RF,MIN,KCR,Cole Ragans,666142,2026-04-02,R,R,0.23529411764705882,0.23529411764705882,0.23529411764705882,0,0,0,91.0657142857143,91.0657142857143,91.0657142857143,1.02,65.2,6.4,0.0062,0.8,-0.006799999999999997,0.0,Crosswind (6.4 mph),0,0.92,1,1.0,99,1.0,3.8,4,0.20183486238532122,0.46982758620689674,21.246753246753244,0.13799999999999996,0.45499999999999996,91.0,0.8,0.12,1.1,0.35,4.0,4.0,0.15984009297262305,0.92,4.07,9.0,0.9871,3,3,0,1,0,1,0.333,0.0,0.0,0.333,0.0,0.666,9,0,0.0,0.333,0.05,0.042,0.0,0,0,0.09484563643733661,0.08607704675441331,8.6,9.5
677951,Bobby Witt Jr.,SS,KCR,KCR,Taj Bradley,671737,2026-04-02,R,R,0.0,0.0,0.0,0,0,0,91.08947368421053,91.08947368421053,91.08947368421053,1.02,65.2,6.4,0.0062,0.8,-0.006799999999999997,0.0,Crosswind (6.4 mph),0,0.92,1,1.0,99,1.0,3.8,4,0.12299465240641713,0.36310679611650476,15.0,0.125,0.485,93.29999999999998,0.8,0.12,1.1,0.35,4.0,4.0,0.07181328545780968,0.92,4.93,9.0,1.0129,7,8,0,0,1,2,0.0,0.0,0.125,0.25,0.0,0.125,21,0,0.0,0.0,0.05,0.018,0.0,0,0,0.0919097363948822,0.08559274268067256,8.6,9.2
643217,Andrew Benintendi,LF,CWS,CWS,Dylan Cease,656302,2026-04-02,R,R,0.07142857142857142,0.07142857142857142,0.07142857142857142,0,0,0,86.53750000000001,86.53750000000001,86.53750000000001,0.96,64.7,17.1,0.116,14.5,-0.0072999999999999975,0.1,Strong tailwind (14.5 mph out),0,0.92,1,1.0,99,1.0,3.8,4,0.125,0.45454545454545436,20.48857142857143,0.11000000000000001,0.3689999999999999,88.0,0.8,0.12,1.1,0.35,4.0,4.0,0.29369846839883895,0.92,4.5,9.0,1.0,15,19,0,5,4,5,0.333,0.0,0.211,0.263,0.0,0.874,45,0,0.0,0.333,0.045,0.0,0.1,0,0,0.08430564279357593,0.08558867476142792,8.6,8.4
657041,Lane Thomas,CF,KCR,KCR,Taj Bradley,671737,2026-04-02,R,R,0.06666666666666667,0.06666666666666667,0.06666666666666667,0,0,0,88.27500000000002,88.27500000000002,88.27500000000002,1.02,65.2,6.4,0.0062,0.8,-0.006799999999999997,0.0,Crosswind (6.4 mph),0,0.92,3,1.01,99,1.0,3.8,4,0.12,0.35,12.0,0.06,0.35,88.0,0.3,0.12,1.1,0.35,4.0,4.0,0.07181328545780968,0.9292,4.93,9.0,1.0129,5,5,0,0,0,3,0.0,0.0,0.0,0.6,0.0,0.0,15,0,0.0,0.0,0.05,0.03,0.0,0,0,0.09089414030313492,0.08549341841226503,8.5,9.1
656537,Derek Hill,CF,CWS,CWS,Dylan Cease,656302,2026-04-02,R,R,0.07692307692307693,0.07692307692307693,0.07692307692307693,0,0,0,80.4047619047619,80.4047619047619,80.4047619047619,0.96,64.7,17.1,0.116,14.5,-0.0072999999999999975,0.1,Strong tailwind (14.5 mph out),0,0.92,1,1.0,99,1.0,3.8,4,0.12,0.35,12.0,0.06,0.35,88.0,0.3,0.12,1.1,0.35,4.0,4.0,0.29369846839883895,0.92,4.5,9.0,1.0,7,8,0,0,1,3,0.0,0.0,0.125,0.375,0.0,0.125,21,0,0.0,0.0,0.05,0.018,0.0,0,0,0.08202803879976273,0.08360502325211801,8.4,8.2
641680,Jonah Heim,C,ATL,AZ,Ryne Nelson,669194,2026-04-02,R,R,0.0,0.0,0.0,0,0,0,85.5142857142857,85.5142857142857,85.5142857142857,1.0,72.0,5.0,0.0,0.0,0.0,0.0,Unknown,0,0.92,3,1.01,99,1.0,3.8,4,0.09482758620689653,0.3636363636363637,13.924764890282129,0.06099999999999997,0.35900000000000004,88.1,0.8,0.12,1.1,0.35,4.0,4.0,0.15562236096575116,0.9292,4.28,9.0,0.9934,4,4,0,1,0,1,0.25,0.0,0.0,0.25,0.0,0.75,12,0,0.0,0.25,0.05,0.036,0.0,0,0,0.08958515152335167,0.08269312214504808,8.3,9.0
666182,Bo Bichette,SS,NYM,SFG,Robbie Ray,592662,2026-04-02,R,R,0.058823529411764705,0.058823529411764705,0.058823529411764705,0,0,0,89.83170731707317,89.83170731707317,89.83170731707317,0.93,56.4,10.0,-0.0464,-9.3,-0.015600000000000001,0.0,Strong headwind (9.3 mph in),0,0.92,1,1.0,99,1.0,3.8,4,0.15254237288135591,0.23459244532803192,8.18962075848303,0.07899999999999999,0.48799999999999993,91.0,0.8,0.12,1.1,0.35,4.0,4.0,0.2281307419151398,0.92,3.79,7.5,0.9787,6,6,0,2,0,2,0.333,0.0,0.0,0.333,0.0,1.0,18,0,0.0,0.333,0.05,0.024,0.0,0,0,0.09755422174930573,0.08245582317920191,8.2,9.8
622761,Jorge Mateo,SS,ATL,AZ,Ryne Nelson,669194,2026-04-02,R,R,0.0,0.0,0.0,0,0,0,86.43846153846154,86.43846153846154,86.43846153846154,1.0,72.0,5.0,0.0,0.0,0.0,0.0,Unknown,0,0.92,4,0.98,99,1.0,3.8,4,0.12,0.35,12.0,0.06,0.35,88.0,0.3,0.12,1.1,0.35,4.0,4.0,0.15562236096575116,0.9016000000000001,4.28,9.0,0.9934,2,2,0,1,0,0,0.5,0.0,0.0,0.0,0.0,1.0,6,0,0.0,0.5,0.05,0.048,0.0,0,0,0.09115510433912277,0.08164301815447689,8.2,9.1
543807,George Springer,RF,TOR,CWS,Sean Burke,680732,2026-04-02,R,R,0.3125,0.3125,0.3125,0,0,0,89.20487804878049,89.20487804878049,89.20487804878049,0.96,64.7,17.1,0.116,14.5,-0.0072999999999999975,0.1,Strong tailwind (14.5 mph out),0,0.92,1,1.0,99,1.0,3.8,4,0.2244897959183673,0.37121212121212116,17.31898734177215,0.161,0.4759999999999999,90.0,0.8,0.12,1.1,0.35,4.0,4.0,0.20097800301845128,0.92,4.5,9.0,1.0,3,3,0,0,0,1,0.0,0.0,0.0,0.333,0.0,0.0,9,0,0.0,0.0,0.05,0.042,0.0,0,0,0.07983531678716342,0.08137014628161891,8.1,8.0
668901,Mark Vientos,3B,NYM,SFG,Robbie Ray,592662,2026-04-02,R,R,0.125,0.125,0.125,0,0,0,93.45000000000002,93.45000000000002,93.45000000000002,0.93,56.4,10.0,-0.0464,-9.3,-0.015600000000000001,0.0,Strong headwind (9.3 mph in),0,0.92,1,1.0,99,1.0,3.8,4,0.1619047619047619,0.33018867924528295,11.468553459119494,0.115,0.505,91.4,0.8,0.12,1.1,0.35,4.0,4.0,0.2281307419151398,0.92,3.79,7.5,0.9787,6,6,0,2,0,1,0.333,0.0,0.0,0.167,0.0,0.833,18,0,0.0,0.333,0.05,0.024,0.0,0,0,0.09620343893766403,0.08131410007718737,8.1,9.6
656484,Tristan Gray,3B,MIN,KCR,Cole Ragans,666142,2026-04-02,R,R,0.0,0.0,0.0,0,0,0,92.06086956521737,92.06086956521737,92.06086956521737,1.02,65.2,6.4,0.0062,0.8,-0.006799999999999997,0.0,Crosswind (6.4 mph),0,0.92,1,1.0,99,1.0,3.8,4,0.12,0.35,12.0,0.06,0.35,88.0,0.3,0.12,1.1,0.35,4.0,4.0,0.15984009297262305,0.92,4.07,9.0,0.9871,0,0,0,0,0,0,0.0,0.0,0.0,0.0,0.0,0.0,0,0,0.0,0.0,0.05,0.05,0.0,0,0,0.0892462208867073,0.08099530370061085,8.1,8.9
676914,Davis Schneider,LF,TOR,CWS,Sean Burke,680732,2026-04-02,R,R,0.07692307692307693,0.07692307692307693,0.07692307692307693,0,0,0,87.5,87.5,87.5,0.96,64.7,17.1,0.116,14.5,-0.0072999999999999975,0.1,Strong tailwind (14.5 mph out),0,0.92,1,1.0,99,1.0,3.8,4,0.15942028985507237,0.5307692307692308,24.00769230769231,0.14000000000000004,0.411,90.79999999999998,0.8,0.12,1.1,0.35,4.0,4.0,0.20097800301845128,0.92,4.5,9.0,1.0,0,0,0,0,0,0,0.0,0.0,0.0,0.0,0.0,0.0,0,0,0.0,0.0,0.05,0.05,0.0,0,0,0.07755225772658984,0.07904319553845712,7.9,7.8
642201,Eli White,RF,ATL,AZ,Ryne Nelson,669194,2026-04-02,R,R,0.18181818181818182,0.18181818181818182,0.18181818181818182,0,0,0,84.69,84.69,84.69,1.0,72.0,5.0,0.0,0.0,0.0,0.0,Unknown,0,0.92,3,1.01,99,1.0,3.8,4,0.17241379310344832,0.2989690721649482,11.310160427807485,0.08999999999999997,0.40399999999999964,87.70000000000002,0.8,0.12,1.1,0.35,4.0,4.0,0.15562236096575116,0.9292,4.28,9.0,0.9934,0,0,0,0,0,0,0.0,0.0,0.0,0.0,0.0,0.0,0,0,0.0,0.0,0.05,0.05,0.0,0,0,0.08469155430793762,0.07817600267400025,7.8,8.5
571657,Kyle Farmer,2B,ATL,AZ,Ryne Nelson,669194,2026-04-02,R,R,0.09090909090909091,0.09090909090909091,0.09090909090909091,0,0,0,84.10370370370372,84.10370370370372,84.10370370370372,1.0,72.0,5.0,0.0,0.0,0.0,0.0,Unknown,0,0.92,4,0.98,99,1.0,3.8,4,0.12121212121212117,0.3013698630136985,15.105990783410137,0.06099999999999998,0.3519999999999998,87.0,0.8,0.12,1.1,0.35,4.0,4.0,0.15562236096575116,0.9016000000000001,4.28,9.0,0.9934,0,0,0,0,0,0,0.0,0.0,0.0,0.0,0.0,0.0,0,0,0.0,0.0,0.05,0.05,0.0,0,0,0.08697518954674403,0.07789927981143516,7.8,8.7
664056,Harrison Bader,LF,SFG,SFG,David Peterson,656849,2026-04-02,R,R,0.125,0.125,0.125,0,0,0,85.66874999999999,85.66874999999999,85.66874999999999,0.93,56.4,10.0,-0.0464,-9.3,-0.015600000000000001,0.0,Strong headwind (9.3 mph in),0,0.92,1,1.0,99,1.0,3.8,4,0.16666666666666657,0.31481481481481477,12.790625000000002,0.10200000000000001,0.4029999999999999,87.20000000000002,0.8,0.12,1.1,0.35,4.0,4.0,0.20192392358610708,0.92,3.71,7.5,0.9763,5,5,0,1,0,1,0.2,0.0,0.0,0.2,0.0,0.6,15,0,0.0,0.2,0.05,0.03,0.0,0,0,0.090597003698349,0.07638758828055114,7.6,9.1
672960,Kazuma Okamoto,3B,TOR,CWS,Sean Burke,680732,2026-04-02,R,R,0.2222222222222222,0.2222222222222222,0.2222222222222222,0,0,0,89.81052631578949,89.81052631578949,89.81052631578949,0.96,64.7,17.1,0.116,14.5,-0.0072999999999999975,0.1,Strong tailwind (14.5 mph out),0,0.92,1,1.0,99,1.0,3.8,4,0.12,0.35,12.0,0.06,0.35,88.0,0.3,0.12,1.1,0.35,4.0,4.0,0.20097800301845128,0.92,4.5,9.0,1.0,0,0,0,0,0,0,0.0,0.0,0.0,0.0,0.0,0.0,0,0,0.0,0.0,0.05,0.05,0.0,0,0,0.07373231773575147,0.07514981741521151,7.5,7.4
691740,Daniel Susac,C,SFG,SFG,David Peterson,656849,2026-04-02,R,R,0.16666666666666666,0.16666666666666666,0.16666666666666666,0,0,0,88.12173913043478,88.12173913043478,88.12173913043478,0.93,56.4,10.0,-0.0464,-9.3,-0.015600000000000001,0.0,Strong headwind (9.3 mph in),0,0.92,1,1.0,99,1.0,3.8,4,0.12,0.35,12.0,0.06,0.35,88.0,0.3,0.12,1.1,0.35,4.0,4.0,0.20192392358610708,0.92,3.71,7.5,0.9763,0,0,0,0,0,0,0.0,0.0,0.0,0.0,0.0,0.0,0,0,0.0,0.0,0.05,0.05,0.0,0,0,0.08679253483812015,0.07317981993217434,7.3,8.7
677592,Everson Pereira,CF,CWS,CWS,Dylan Cease,656302,2026-04-02,R,R,0.25,0.25,0.25,0,0,0,88.3846153846154,88.3846153846154,88.3846153846154,0.96,64.7,17.1,0.116,14.5,-0.0072999999999999975,0.1,Strong tailwind (14.5 mph out),0,0.92,1,1.0,99,1.0,3.8,4,0.12,0.35,12.0,0.06,0.35,88.0,0.3,0.12,1.1,0.35,4.0,4.0,0.29369846839883895,0.92,4.5,9.0,1.0,0,0,0,0,0,0,0.0,0.0,0.0,0.0,0.0,0.0,0,0,0.0,0.0,0.05,0.05,0.0,0,0,0.0709149291117986,0.07227826465273691,7.2,7.1
672580,Maikel Garcia,3B,KCR,KCR,Taj Bradley,671737,2026-04-02,R,R,0.0,0.0,0.0,0,0,0,95.25555555555555,95.25555555555555,95.25555555555555,1.02,65.2,6.4,0.0062,0.8,-0.006799999999999997,0.0,Crosswind (6.4 mph),0,0.92,1,1.0,99,1.0,3.8,4,0.1103448275862069,0.27566539923954364,8.70095238095238,0.055999999999999904,0.45100000000000007,91.29999999999998,0.8,0.12,1.1,0.35,4.0,4.0,0.07181328545780968,0.92,4.93,9.0,1.0129,9,9,0,0,0,2,0.0,0.0,0.0,0.222,0.0,0.0,27,0,0.0,0.0,0.05,0.006,0.0,0,0,0.07752147316932678,0.07219339066212707,7.2,7.8
664770,Nathan Lukes,RF,TOR,CWS,Sean Burke,680732,2026-04-02,R,R,0.06666666666666667,0.06666666666666667,0.06666666666666667,0,0,0,89.35416666666667,89.35416666666667,89.35416666666667,0.96,64.7,17.1,0.116,14.5,-0.0072999999999999975,0.1,Strong tailwind (14.5 mph out),0,0.92,1,1.0,99,1.0,3.8,4,0.116504854368932,0.2994186046511627,9.697947214076246,0.04699999999999999,0.37000000000000005,87.89999999999999,0.8,0.12,1.1,0.35,4.0,4.0,0.20097800301845128,0.92,4.5,9.0,1.0,2,3,1,1,1,0,0.5,0.5,0.333,0.0,0.0,2.667,6,3,0.5,0.5,0.05,0.068,0.0,0,0,0.06955240294337273,0.0708895439950245,7.1,7.0
671739,Michael Harris II,CF,ATL,AZ,Ryne Nelson,669194,2026-04-02,R,R,0.058823529411764705,0.058823529411764705,0.058823529411764705,0,0,0,90.51860465116279,90.51860465116279,90.51860465116279,1.0,72.0,5.0,0.0,0.0,0.0,0.0,Unknown,0,0.92,1,1.0,99,1.0,3.8,4,0.1438848920863309,0.27579365079365076,6.69308943089431,0.09099999999999997,0.43400000000000005,90.20000000000003,0.8,0.12,1.1,0.35,4.0,4.0,0.15562236096575116,0.92,4.28,9.0,0.9934,6,6,1,2,0,1,0.333,0.1667,0.0,0.167,0.0,1.5,18,3,0.1667,0.333,0.05,0.110684,0.0,0,0,0.07663108532627423,0.07003529455007115,7.0,7.7
686948,Drake Baldwin,C,ATL,AZ,Ryne Nelson,669194,2026-04-02,R,R,0.26666666666666666,0.26666666666666666,0.26666666666666666,0,0,0,95.34418604651164,95.34418604651164,95.34418604651164,1.0,72.0,5.0,0.0,0.0,0.0,0.0,Unknown,0,0.92,1,1.0,99,1.0,3.8,4,0.19587628865979384,0.281159420289855,6.802941176470585,0.11000000000000001,0.4960000000000003,91.70000000000006,0.8,0.12,1.1,0.35,4.0,4.0,0.15562236096575116,0.92,4.28,9.0,0.9934,0,0,0,0,0,0,0.0,0.0,0.0,0.0,0.0,0.0,0,0,0.0,0.0,0.05,0.05,0.0,0,0,0.07565540199478467,0.06914359023428956,6.9,7.6
663586,Austin Riley,3B,ATL,AZ,Ryne Nelson,669194,2026-04-02,R,R,0.17647058823529413,0.17647058823529413,0.17647058823529413,0,0,0,90.17179487179489,90.17179487179489,90.17179487179489,1.0,72.0,5.0,0.0,0.0,0.0,0.0,Unknown,0,0.92,1,1.0,99,1.0,3.8,4,0.1415929203539823,0.3817567567567567,16.788927335640146,0.15199999999999994,0.5019999999999999,92.29999999999995,0.8,0.12,1.1,0.35,4.0,4.0,0.15562236096575116,0.92,4.28,9.0,0.9934,8,8,1,1,0,3,0.125,0.125,0.0,0.375,0.0,0.611,24,3,0.125,0.125,0.05,0.107,0.0,0,0,0.07564337427417438,0.06913259776364764,6.9,7.6
664702,Myles Straw,CF,TOR,CWS,Sean Burke,680732,2026-04-02,R,R,0.0,0.0,0.0,0,0,0,86.01578947368421,86.01578947368421,86.01578947368421,0.96,64.7,17.1,0.116,14.5,-0.0072999999999999975,0.1,Strong tailwind (14.5 mph out),0,0.92,1,1.0,99,1.0,3.8,4,0.053333333333333316,0.32327586206896547,11.918103448275861,0.038999999999999986,0.27099999999999996,87.20000000000003,0.8,0.12,1.1,0.35,4.0,4.0,0.20097800301845128,0.92,4.5,9.0,1.0,0,0,0,0,0,0,0.0,0.0,0.0,0.0,0.0,0.0,0,0,0.0,0.0,0.05,0.05,0.0,0,0,0.0677686370909214,0.0690714853439507,6.9,6.8
605170,Victor Caratini,C,MIN,KCR,Cole Ragans,666142,2026-04-02,R,R,0.14285714285714285,0.14285714285714285,0.14285714285714285,0,0,0,85.88000000000001,85.88000000000001,85.88000000000001,1.02,65.2,6.4,0.0062,0.8,-0.006799999999999997,0.0,Crosswind (6.4 mph),0,0.92,1,1.0,99,1.0,3.8,4,0.1276595744680851,0.32525951557093424,12.445993031358885,0.07699999999999999,0.40699999999999986,88.70000000000005,0.8,0.12,1.1,0.35,4.0,4.0,0.15984009297262305,0.92,4.07,9.0,0.9871,1,2,0,0,1,1,0.0,0.0,0.5,0.5,0.0,0.5,3,0,0.0,0.0,0.05,0.05,0.0,0,0,0.07600751395026843,0.06898053065737539,6.9,7.6
543510,James McCann,C,AZ,AZ,Reynaldo López,625643,2026-04-02,R,R,0.09090909090909091,0.09090909090909091,0.09090909090909091,0,0,0,94.16666666666667,94.16666666666667,94.16666666666667,1.0,72.0,5.0,0.0,0.0,0.0,0.0,Unknown,0,0.92,2,1.03,99,1.0,3.8,4,0.12,0.35,12.0,0.06,0.35,88.0,0.3,0.12,1.1,0.35,4.0,4.0,0.2341210997837503,0.9476000000000001,4.5,9.0,1.0,16,16,0,7,0,4,0.438,0.0,0.0,0.25,0.0,1.063,48,0,0.0,0.438,0.044,0.0,0.12,0,0,0.07146345948179562,0.0674955991875654,6.7,7.1
621566,Matt Olson,1B,ATL,AZ,Ryne Nelson,669194,2026-04-02,R,R,0.23529411764705882,0.23529411764705882,0.23529411764705882,0,0,0,91.9974358974359,91.9974358974359,91.9974358974359,1.0,72.0,5.0,0.0,0.0,0.0,0.0,Unknown,0,0.92,1,1.0,99,1.0,3.8,4,0.18181818181818182,0.3563714902807776,14.834070796460175,0.14300000000000002,0.5329999999999999,93.29999999999998,0.8,0.12,1.1,0.35,4.0,4.0,0.15562236096575116,0.92,4.28,9.0,0.9934,5,8,1,1,3,1,0.2,0.2,0.375,0.125,0.0,1.3,15,3,0.2,0.2,0.05,0.11000000000000001,0.0,0,0,0.07337234293421109,0.06705703863317768,6.7,7.3
695600,Carter Jensen,C,KCR,KCR,Taj Bradley,671737,2026-04-02,R,R,0.13333333333333333,0.13333333333333333,0.13333333333333333,0,0,0,92.88888888888889,92.88888888888889,92.88888888888889,1.02,65.2,6.4,0.0062,0.8,-0.006799999999999997,0.0,Crosswind (6.4 mph),0,0.92,1,1.0,99,1.0,3.8,4,0.12,0.35,12.0,0.06,0.35,88.0,0.3,0.12,1.1,0.35,4.0,4.0,0.07181328545780968,0.92,4.93,9.0,1.0129,0,0,0,0,0,0,0.0,0.0,0.0,0.0,0.0,0.0,0,0,0.0,0.0,0.05,0.05,0.0,0,0,0.07146345948179562,0.06655174672915937,6.7,7.1
700337,Edgar Quero,C,CWS,CWS,Dylan Cease,656302,2026-04-02,R,R,0.0,0.0,0.0,0,0,0,88.70833333333334,88.70833333333334,88.70833333333334,0.96,64.7,17.1,0.116,14.5,-0.0072999999999999975,0.1,Strong tailwind (14.5 mph out),0,0.92,2,1.03,99,1.0,3.8,4,0.06944444444444442,0.24324324324324306,6.7905405405405395,0.036999999999999984,0.4630000000000001,90.39999999999998,0.8,0.12,1.1,0.35,4.0,4.0,0.29369846839883895,0.9476000000000001,4.5,9.0,1.0,2,2,0,0,0,1,0.0,0.0,0.0,0.5,0.0,0.333,6,0,0.0,0.0,0.05,0.048,0.0,0,0,0.06338509917259216,0.0665417843792583,6.7,6.3
681546,James Outman,CF,MIN,KCR,Cole Ragans,666142,2026-04-02,R,R,0.1875,0.1875,0.1875,0,0,0,87.08750000000002,87.08750000000002,87.08750000000002,1.02,65.2,6.4,0.0062,0.8,-0.006799999999999997,0.0,Crosswind (6.4 mph),0,0.92,1,1.0,99,1.0,3.8,4,0.12,0.35,12.0,0.06,0.35,88.0,0.3,0.12,1.1,0.35,4.0,4.0,0.15984009297262305,0.92,4.07,9.0,0.9871,0,0,0,0,0,0,0.0,0.0,0.0,0.0,0.0,0.0,0,0,0.0,0.0,0.05,0.05,0.0,0,0,0.07146345948179562,0.06485657932308543,6.5,7.1
691783,Jordan Lawlar,SS,AZ,AZ,Reynaldo López,625643,2026-04-02,R,R,0.125,0.125,0.125,0,0,0,89.63513513513514,89.63513513513514,89.63513513513514,1.0,72.0,5.0,0.0,0.0,0.0,0.0,Unknown,0,0.92,1,1.0,99,1.0,3.8,4,0.12,0.35,12.0,0.06,0.35,88.0,0.3,0.12,1.1,0.35,4.0,4.0,0.2341210997837503,0.92,4.5,9.0,1.0,0,0,0,0,0,0,0.0,0.0,0.0,0.0,0.0,0.0,0,0,0.0,0.0,0.05,0.05,0.0,0,0,0.06955240294337273,0.0639882107079029,6.4,7.0
686555,Isaac Collins,LF,KCR,KCR,Taj Bradley,671737,2026-04-02,R,R,0.1,0.1,0.1,0,0,0,87.67058823529412,87.67058823529412,87.67058823529412,1.02,65.2,6.4,0.0062,0.8,-0.006799999999999997,0.0,Crosswind (6.4 mph),0,0.92,1,1.0,99,1.0,3.8,4,0.09999999999999999,0.30927835051546376,11.59375,0.04900000000000003,0.3890000000000003,88.79999999999993,0.8,0.12,1.1,0.35,4.0,4.0,0.07181328545780968,0.92,4.93,9.0,1.0129,2,2,0,0,0,0,0.0,0.0,0.0,0.0,0.0,0.0,6,0,0.0,0.0,0.05,0.048,0.0,0,0,0.06864607085784276,0.0639279983758252,6.4,6.9
666464,Jerar Encarnacion,RF,SFG,SFG,David Peterson,656849,2026-04-02,R,R,0.14285714285714285,0.14285714285714285,0.14285714285714285,0,0,0,96.30000000000001,96.30000000000001,96.30000000000001,0.93,56.4,10.0,-0.0464,-9.3,-0.015600000000000001,0.0,Strong headwind (9.3 mph in),0,0.92,1,1.0,99,1.0,3.8,4,0.12,0.35,12.0,0.06,0.35,88.0,0.3,0.12,1.1,0.35,4.0,4.0,0.20192392358610708,0.92,3.71,7.5,0.9763,4,4,0,0,0,2,0.0,0.0,0.0,0.5,0.0,0.0,12,0,0.0,0.0,0.05,0.036,0.0,0,0,0.07564337427417438,0.06377931602954952,6.4,7.6
686797,Brooks Lee,3B,MIN,KCR,Cole Ragans,666142,2026-04-02,R,R,0.058823529411764705,0.058823529411764705,0.058823529411764705,0,0,0,88.94146341463416,88.94146341463416,88.94146341463416,1.02,65.2,6.4,0.0062,0.8,-0.006799999999999997,0.0,Crosswind (6.4 mph),0,0.92,1,1.0,99,1.0,3.8,4,0.1134751773049645,0.3525,13.0775,0.05799999999999989,0.385,88.60000000000002,0.8,0.12,1.1,0.35,4.0,4.0,0.15984009297262305,0.92,4.07,9.0,0.9871,0,0,0,0,0,0,0.0,0.0,0.0,0.0,0.0,0.0,0,0,0.0,0.0,0.05,0.05,0.0,0,0,0.06991654261946678,0.06345267672845374,6.3,7.0
678489,Jorge Barrosa,LF,AZ,AZ,Reynaldo López,625643,2026-04-02,R,R,0.15384615384615385,0.15384615384615385,0.15384615384615385,0,0,0,85.51538461538462,85.51538461538462,85.51538461538462,1.0,72.0,5.0,0.0,0.0,0.0,0.0,Unknown,0,0.92,5,0.96,99,1.0,3.8,4,0.12,0.35,12.0,0.06,0.35,88.0,0.3,0.12,1.1,0.35,4.0,4.0,0.2341210997837503,0.8832,4.5,9.0,1.0,0,0,0,0,0,0,0.0,0.0,0.0,0.0,0.0,0.0,0,0,0.0,0.0,0.05,0.05,0.0,0,0,0.07146345948179562,0.06311652741432189,6.3,7.1
676391,Ernie Clement,3B,TOR,CWS,Sean Burke,680732,2026-04-02,R,R,0.0,0.0,0.0,0,0,0,85.9,85.9,85.9,0.96,64.7,17.1,0.116,14.5,-0.0072999999999999975,0.1,Strong tailwind (14.5 mph out),0,0.92,1,1.0,99,1.0,3.8,4,0.04787234042553191,0.37524950099800386,17.694610778443117,0.0,0.25,84.2,0.06666666666666667,0.12,1.1,0.35,4.0,4.0,0.20097800301845128,0.92,4.5,9.0,1.0,2,2,0,0,0,0,0.0,0.0,0.0,0.0,0.0,0.0,6,0,0.0,0.0,0.05,0.048,0.0,0,0,0.061307577416300774,0.062486212158904826,6.2,6.1
678246,Miguel Vargas,3B,CWS,CWS,Dylan Cease,656302,2026-04-02,R,R,0.1111111111111111,0.1111111111111111,0.1111111111111111,0,0,0,88.80232558139535,88.80232558139535,88.80232558139535,0.96,64.7,17.1,0.116,14.5,-0.0072999999999999975,0.1,Strong tailwind (14.5 mph out),0,0.92,1,1.0,99,1.0,3.8,4,0.08994708994708991,0.45542168674698796,22.586956521739133,0.09299999999999999,0.4050000000000002,89.70000000000002,0.8,0.12,1.1,0.35,4.0,4.0,0.29369846839883895,0.92,4.5,9.0,1.0,3,5,1,1,2,1,0.333,0.3333,0.4,0.2,0.0,1.933,9,3,0.3333,0.333,0.05,0.095328,0.0,0,0,0.060542414585749306,0.061706339115785123,6.2,6.1
467793,Carlos Santana,1B,AZ,AZ,Reynaldo López,625643,2026-04-02,R,R,0.0,0.0,0.0,0,0,0,87.65,87.65,87.65,1.0,72.0,5.0,0.0,0.0,0.0,0.0,Unknown,0,0.92,2,1.03,99,1.0,3.8,4,0.09523809523809519,0.375,16.785714285714278,0.049000000000000016,0.378,87.6,0.8,0.12,1.1,0.35,4.0,4.0,0.2341210997837503,0.9476000000000001,4.5,9.0,1.0,20,21,0,3,1,2,0.15,0.0,0.048,0.095,0.0,0.34,60,0,0.0,0.15,0.04,0.0,0.2,0,0,0.06477580095330875,0.0610773935753919,6.1,6.5
668904,Royce Lewis,3B,MIN,KCR,Cole Ragans,666142,2026-04-02,R,R,0.16666666666666666,0.16666666666666666,0.16666666666666666,0,0,0,88.2,88.2,88.2,1.02,65.2,6.4,0.0062,0.8,-0.006799999999999997,0.0,Crosswind (6.4 mph),0,0.92,1,1.0,99,1.0,3.8,4,0.10399999999999997,0.41946308724832226,16.71812080536913,0.08699999999999997,0.4029999999999998,89.79999999999993,0.8,0.12,1.1,0.35,4.0,4.0,0.15984009297262305,0.92,4.07,9.0,0.9871,7,8,1,2,1,1,0.286,0.1429,0.125,0.125,0.0,1.089,21,3,0.1429,0.286,0.05,0.109456,0.0,0,0,0.06673501431941986,0.06056528442955171,6.1,6.7
620443,Luis Torrens,C,NYM,SFG,Robbie Ray,592662,2026-04-02,R,R,0.0,0.0,0.0,0,0,0,89.16153846153846,89.16153846153846,89.16153846153846,0.93,56.4,10.0,-0.0464,-9.3,-0.015600000000000001,0.0,Strong headwind (9.3 mph in),0,0.92,2,1.03,99,1.0,3.8,4,0.10204081632653059,0.2311320754716981,5.880382775119617,0.10699999999999998,0.481,90.60000000000002,0.8,0.12,1.1,0.35,4.0,4.0,0.2281307419151398,0.9476000000000001,3.79,7.5,0.9787,14,14,0,3,0,5,0.214,0.0,0.0,0.357,0.0,0.5,42,0,0.0,0.214,0.046,0.0,0.08,1,0,0.06673501431941986,0.05800230323079638,5.8,6.7
571448,Nolan Arenado,3B,AZ,AZ,Reynaldo López,625643,2026-04-02,R,R,0.1111111111111111,0.1111111111111111,0.1111111111111111,0,0,0,84.62916666666666,84.62916666666666,84.62916666666666,1.0,72.0,5.0,0.0,0.0,0.0,0.0,Unknown,0,0.92,1,1.0,99,1.0,3.8,4,0.07947019867549658,0.42061281337047357,19.07584269662922,0.039,0.326,86.79999999999993,0.8,0.12,1.1,0.35,4.0,4.0,0.2341210997837503,0.92,4.5,9.0,1.0,2,2,0,1,0,0,0.5,0.0,0.0,0.0,0.0,1.0,6,0,0.0,0.5,0.05,0.048,0.0,0,0,0.06182679285605749,0.05688064942757289,5.7,6.2
679845,Nick Loftin,LF,KCR,KCR,Taj Bradley,671737,2026-04-02,R,R,0.08333333333333333,0.08333333333333333,0.08333333333333333,0,0,0,87.824,87.824,87.824,1.02,65.2,6.4,0.0062,0.8,-0.006799999999999997,0.0,Crosswind (6.4 mph),0,0.92,1,1.0,99,1.0,3.8,4,0.07547169811320752,0.3605442176870748,13.708333333333334,0.06299999999999999,0.33999999999999997,88.2,0.8,0.12,1.1,0.35,4.0,4.0,0.07181328545780968,0.92,4.93,9.0,1.0129,0,0,0,0,0,0,0.0,0.0,0.0,0.0,0.0,0.0,0,0,0.0,0.0,0.05,0.05,0.0,0,0,0.06106973998248577,0.05687239181536318,5.7,6.1
672515,Gabriel Moreno,C,AZ,AZ,Reynaldo López,625643,2026-04-02,R,R,0.25,0.25,0.25,0,0,0,89.68333333333334,89.68333333333334,89.68333333333334,1.0,72.0,5.0,0.0,0.0,0.0,0.0,Unknown,0,0.92,1,1.0,99,1.0,3.8,4,0.1351351351351351,0.317596566523605,14.12608695652174,0.07099999999999998,0.43399999999999994,90.39999999999998,0.8,0.12,1.1,0.35,4.0,4.0,0.2341210997837503,0.92,4.5,9.0,1.0,1,1,0,0,0,0,0.0,0.0,0.0,0.0,0.0,0.0,3,0,0.0,0.0,0.05,0.05,0.0,0,0,0.061478812247514725,0.05656050726771355,5.7,6.1
573262,Mike Yastrzemski,RF,ATL,AZ,Ryne Nelson,669194,2026-04-02,R,R,0.21428571428571427,0.21428571428571427,0.21428571428571427,0,0,0,88.63214285714287,88.63214285714287,88.63214285714287,1.0,72.0,5.0,0.0,0.0,0.0,0.0,Unknown,0,0.92,1,1.0,99,1.0,3.8,4,0.11042944785276068,0.42670157068062814,19.13262599469496,0.08499999999999999,0.426,90.79999999999998,0.8,0.12,1.1,0.35,4.0,4.0,0.15562236096575116,0.92,4.28,9.0,0.9934,7,8,0,0,1,1,0.0,0.0,0.125,0.125,0.0,0.125,21,0,0.0,0.0,0.05,0.018,0.0,0,0,0.060928533474604286,0.05568429274137814,5.6,6.1
543760,Marcus Semien,2B,NYM,SFG,Robbie Ray,592662,2026-04-02,R,R,0.06666666666666667,0.06666666666666667,0.06666666666666667,0,0,0,89.01142857142858,89.01142857142858,89.01142857142858,0.93,56.4,10.0,-0.0464,-9.3,-0.015600000000000001,0.0,Strong headwind (9.3 mph in),0,0.92,1,1.0,99,1.0,3.8,4,0.0946745562130177,0.4289340101522842,19.46291560102302,0.067,0.3500000000000001,88.3,0.8,0.12,1.1,0.35,4.0,4.0,0.2281307419151398,0.92,3.79,7.5,0.9787,11,11,0,2,0,4,0.182,0.0,0.0,0.364,0.0,0.44,33,0,0.0,0.182,0.049,0.0,0.02,1,0,0.06512751740713914,0.05503002147570586,5.5,6.5
650333,Luis Arraez,IF,SFG,SFG,David Peterson,656849,2026-04-02,R,R,0.0,0.0,0.0,0,0,0,86.80833333333332,86.80833333333332,86.80833333333332,0.93,56.4,10.0,-0.0464,-9.3,-0.015600000000000001,0.0,Strong headwind (9.3 mph in),0,0.92,1,1.0,99,1.0,3.8,4,0.046511627906976716,0.2717219589257503,11.446740858505564,0.010999999999999998,0.16699999999999984,86.10000000000004,0.8,0.12,1.1,0.35,4.0,4.0,0.20192392358610708,0.92,3.71,7.5,0.9763,8,10,0,2,2,0,0.25,0.0,0.2,0.0,0.0,0.65,24,0,0.0,0.25,0.05,0.012,0.0,0,0,0.06515780091285706,0.054938320984319125,5.5,6.5
672386,Alejandro Kirk,C,TOR,CWS,Sean Burke,680732,2026-04-02,R,R,0.25,0.25,0.25,0,0,0,89.34736842105262,89.34736842105262,89.34736842105262,0.96,64.7,17.1,0.116,14.5,-0.0072999999999999975,0.1,Strong tailwind (14.5 mph out),0,0.92,1,1.0,99,1.0,3.8,4,0.12403100775193789,0.31851851851851853,11.950495049504951,0.10099999999999988,0.5080000000000001,91.10000000000002,0.8,0.12,1.1,0.35,4.0,4.0,0.20097800301845128,0.92,4.5,9.0,1.0,3,3,0,1,0,0,0.333,0.0,0.0,0.0,0.0,0.666,9,0,0.0,0.333,0.05,0.042,0.0,0,0,0.053335711980859436,0.05436108805689159,5.4,5.3
680777,Ryan Jeffers,C,MIN,KCR,Cole Ragans,666142,2026-04-02,R,R,0.07142857142857142,0.07142857142857142,0.07142857142857142,0,0,0,87.10270270270271,87.10270270270271,87.10270270270271,1.02,65.2,6.4,0.0062,0.8,-0.006799999999999997,0.0,Crosswind (6.4 mph),0,0.92,1,1.0,99,1.0,3.8,4,0.081081081081081,0.34049079754601214,14.870769230769229,0.06299999999999996,0.421,89.29999999999993,0.8,0.12,1.1,0.35,4.0,4.0,0.15984009297262305,0.92,4.07,9.0,0.9871,12,12,0,0,0,6,0.0,0.0,0.0,0.5,0.0,0.0,36,0,0.0,0.0,0.048,0.0,0.04,1,0,0.05956775570909182,0.05403563282066779,5.4,6.0
672275,Patrick Bailey,C,SFG,SFG,David Peterson,656849,2026-04-02,R,R,0.0,0.0,0.0,0,0,0,86.14242424242424,86.14242424242424,86.14242424242424,0.93,56.4,10.0,-0.0464,-9.3,-0.015600000000000001,0.0,Strong headwind (9.3 mph in),0,0.92,1,1.0,99,1.0,3.8,4,0.06363636363636359,0.3754266211604095,14.65743944636678,0.0559999999999999,0.36399999999999993,88.20000000000002,0.8,0.12,1.1,0.35,4.0,4.0,0.20192392358610708,0.92,3.71,7.5,0.9763,4,4,0,1,0,1,0.25,0.0,0.0,0.25,0.0,0.5,12,0,0.0,0.25,0.05,0.036,0.0,0,0,0.060955860962470375,0.05139542170722541,5.1,6.1
683766,Christian Koss,2B,SFG,SFG,David Peterson,656849,2026-04-02,R,R,0.08333333333333333,0.08333333333333333,0.08333333333333333,0,0,0,75.20952380952382,75.20952380952382,75.20952380952382,0.93,56.4,10.0,-0.0464,-9.3,-0.015600000000000001,0.0,Strong headwind (9.3 mph in),0,0.92,2,1.03,99,1.0,3.8,4,0.08823529411764698,0.2463768115942029,4.205882352941177,0.06,0.33599999999999997,86.89999999999999,0.8,0.12,1.1,0.35,4.0,4.0,0.20192392358610708,0.9476000000000001,3.71,7.5,0.9763,0,0,0,0,0,0,0.0,0.0,0.0,0.0,0.0,0.0,0,0,0.0,0.0,0.05,0.05,0.0,0,0,0.05685297461847464,0.049374121478728356,4.9,5.7
621438,Tyrone Taylor,CF,NYM,SFG,Robbie Ray,592662,2026-04-02,R,R,0.0,0.0,0.0,0,0,0,87.11000000000001,87.11000000000001,87.11000000000001,0.93,56.4,10.0,-0.0464,-9.3,-0.015600000000000001,0.0,Strong headwind (9.3 mph in),0,0.92,1,1.0,99,1.0,3.8,4,0.03370786516853929,0.3603238866396762,18.663967611336044,0.03799999999999998,0.3509999999999999,86.5,0.8,0.12,1.1,0.35,4.0,4.0,0.2281307419151398,0.92,3.79,7.5,0.9787,4,4,0,0,0,2,0.0,0.0,0.0,0.5,0.0,0.0,12,0,0.0,0.0,0.05,0.036,0.0,0,0,0.05752448799709479,0.0486214632817398,4.9,5.8
643289,Mauricio Dubón,2B,ATL,AZ,Ryne Nelson,669194,2026-04-02,R,R,0.0625,0.0625,0.0625,0,0,0,90.30810810810812,90.30810810810812,90.30810810810812,1.0,72.0,5.0,0.0,0.0,0.0,0.0,Unknown,0,0.92,1,1.0,99,1.0,3.8,4,0.05600000000000002,0.37202380952380937,13.564564564564565,0.012000000000000002,0.26299999999999996,84.5,0.8,0.12,1.1,0.35,4.0,4.0,0.15562236096575116,0.92,4.28,9.0,0.9934,1,1,0,0,0,1,0.0,0.0,0.0,1.0,0.0,0.0,3,0,0.0,0.0,0.05,0.05,0.0,0,0,0.052230668254196644,0.04773507017622143,4.8,5.2
645277,Ozzie Albies,2B,ATL,AZ,Ryne Nelson,669194,2026-04-02,R,R,0.07692307692307693,0.07692307692307693,0.07692307692307693,0,0,0,86.87714285714286,86.87714285714286,86.87714285714286,1.0,72.0,5.0,0.0,0.0,0.0,0.0,Unknown,0,0.92,1,1.0,99,1.0,3.8,4,0.0817307692307692,0.39694656488549623,18.743190661478593,0.04900000000000001,0.30699999999999994,87.5,0.8,0.12,1.1,0.35,4.0,4.0,0.15562236096575116,0.92,4.28,9.0,0.9934,7,8,0,0,1,1,0.0,0.0,0.125,0.125,0.0,0.125,21,0,0.0,0.0,0.05,0.018,0.0,0,0,0.051955980248749256,0.04748402511677891,4.7,5.2
663697,Jonathan India,2B,KCR,KCR,Taj Bradley,671737,2026-04-02,R,R,0.07692307692307693,0.07692307692307693,0.07692307692307693,0,0,0,85.25185185185185,85.25185185185185,85.25185185185185,1.02,65.2,6.4,0.0062,0.8,-0.006799999999999997,0.0,Crosswind (6.4 mph),0,0.92,1,1.0,99,1.0,3.8,4,0.05555555555555548,0.40099009900990096,17.131188118811885,0.05799999999999989,0.36799999999999994,87.89999999999998,0.8,0.12,1.1,0.35,4.0,4.0,0.07181328545780968,0.92,4.93,9.0,1.0129,8,9,0,2,1,1,0.25,0.0,0.111,0.111,0.0,0.708,24,0,0.0,0.25,0.05,0.012,0.0,0,0,0.04817663816114267,0.04486543814716204,4.5,4.8
808959,Munetaka Murakami,3B,CWS,CWS,Dylan Cease,656302,2026-04-02,R,R,0.4,0.4,0.4,0,0,0,90.89565217391306,90.89565217391306,90.89565217391306,0.96,64.7,17.1,0.116,14.5,-0.0072999999999999975,0.1,Strong tailwind (14.5 mph out),0,0.92,1,1.0,99,1.0,3.8,4,0.12,0.35,12.0,0.06,0.35,88.0,0.3,0.12,1.1,0.35,4.0,4.0,0.29369846839883895,0.92,4.5,9.0,1.0,0,0,0,0,0,0,0.0,0.0,0.0,0.0,0.0,0.0,0,0,0.0,0.0,0.05,0.05,0.0,0,0,0.04379310024281343,0.04463502014256791,4.5,4.4
672695,Geraldo Perdomo,SS,AZ,AZ,Reynaldo López,625643,2026-04-02,R,R,0.1,0.1,0.1,0,0,0,90.37692307692308,90.37692307692308,90.37692307692308,1.0,72.0,5.0,0.0,0.0,0.0,0.0,Unknown,0,0.92,1,1.0,99,1.0,3.8,4,0.10752688172043011,0.3444444444444445,14.25046728971963,0.06200000000000003,0.31899999999999995,87.60000000000002,0.8,0.12,1.1,0.35,4.0,4.0,0.2341210997837503,0.92,4.5,9.0,1.0,1,1,0,0,0,1,0.0,0.0,0.0,1.0,0.0,0.0,3,0,0.0,0.0,0.05,0.05,0.0,0,0,0.04817663816114267,0.04432250710825126,4.4,4.8
665926,Andrés Giménez,2B,TOR,CWS,Sean Burke,680732,2026-04-02,R,R,0.25,0.25,0.25,0,0,0,89.12916666666666,89.12916666666666,89.12916666666666,0.96,64.7,17.1,0.116,14.5,-0.0072999999999999975,0.1,Strong tailwind (14.5 mph out),0,0.92,1,1.0,99,1.0,3.8,4,0.0952380952380952,0.3065693430656933,10.242647058823525,0.03,0.277,86.29999999999994,0.8,0.12,1.1,0.35,4.0,4.0,0.20097800301845128,0.92,4.5,9.0,1.0,2,2,0,1,0,0,0.5,0.0,0.0,0.0,0.0,1.0,6,0,0.0,0.5,0.05,0.048,0.0,0,0,0.040910971661408745,0.04169748280058492,4.2,4.1
807712,Luke Keaschall,2B,MIN,KCR,Cole Ragans,666142,2026-04-02,R,R,0.17647058823529413,0.17647058823529413,0.17647058823529413,0,0,0,90.80000000000003,90.80000000000003,90.80000000000003,1.02,65.2,6.4,0.0062,0.8,-0.006799999999999997,0.0,Crosswind (6.4 mph),0,0.92,1,1.0,99,1.0,3.8,4,0.09302325581395342,0.2792207792207792,10.006493506493506,0.052,0.312,86.2,0.8,0.12,1.1,0.35,4.0,4.0,0.15984009297262305,0.92,4.07,9.0,0.9871,0,0,0,0,0,0,0.0,0.0,0.0,0.0,0.0,0.0,0,0,0.0,0.0,0.05,0.05,0.0,0,0,0.04418992561598619,0.04010451546534115,4.0,4.4
642086,Dominic Smith,1B,ATL,AZ,Ryne Nelson,669194,2026-04-02,R,R,0.14285714285714285,0.14285714285714285,0.14285714285714285,0,0,0,89.38857142857144,89.38857142857144,89.38857142857144,1.0,72.0,5.0,0.0,0.0,0.0,0.0,Unknown,0,0.92,1,1.0,99,1.0,3.8,4,0.0925925925925925,0.32530120481927693,15.018072289156626,0.041999999999999975,0.35500000000000004,87.69999999999999,0.8,0.12,1.1,0.35,4.0,4.0,0.15562236096575116,0.92,4.28,9.0,0.9934,4,5,0,3,1,0,0.75,0.0,0.2,0.0,0.0,1.8,12,0,0.0,0.75,0.05,0.036,0.0,0,0,0.03889610587308804,0.0355482402483796,3.6,3.9
623168,Tyler Heineman,C,TOR,CWS,Sean Burke,680732,2026-04-02,R,R,0.1,0.1,0.1,0,0,0,84.985,84.985,84.985,0.96,64.7,17.1,0.116,14.5,-0.0072999999999999975,0.1,Strong tailwind (14.5 mph out),0,0.92,1,1.0,99,1.0,3.8,4,0.0612244897959183,0.3798449612403099,15.15625,0.03200000000000001,0.22399999999999995,84.39999999999995,0.8,0.12,1.1,0.35,4.0,4.0,0.20097800301845128,0.92,4.5,9.0,1.0,0,0,0,0,0,0,0.0,0.0,0.0,0.0,0.0,0.0,0,0,0.0,0.0,0.05,0.05,0.0,0,0,0.033743713051080704,0.034392434044839805,3.4,3.4
668885,Austin Martin,CF,MIN,KCR,Cole Ragans,666142,2026-04-02,R,R,0.0,0.0,0.0,0,0,0,84.83999999999999,84.83999999999999,84.83999999999999,1.02,65.2,6.4,0.0062,0.8,-0.006799999999999997,0.0,Crosswind (6.4 mph),0,0.92,1,1.0,99,1.0,3.8,4,0.0357142857142857,0.20895522388059698,7.765151515151516,0.055,0.38600000000000007,86.2,0.8,0.12,1.1,0.35,4.0,4.0,0.15984009297262305,0.92,4.07,9.0,0.9871,4,4,0,2,0,2,0.5,0.0,0.0,0.5,0.0,1.25,12,0,0.0,0.5,0.05,0.036,0.0,0,0,0.033743713051080704,0.030624067432816357,3.1,3.4
808982,Jung Hoo Lee,CF,SFG,SFG,David Peterson,656849,2026-04-02,R,R,0.1111111111111111,0.1111111111111111,0.1111111111111111,0,0,0,91.70800000000001,91.70800000000001,91.70800000000001,0.93,56.4,10.0,-0.0464,-9.3,-0.015600000000000001,0.0,Strong headwind (9.3 mph in),0,0.92,1,1.0,99,1.0,3.8,4,0.056338028169013996,0.28514056224899603,9.51004016064257,0.03699999999999999,0.32,87.10000000000002,0.8,0.12,1.1,0.35,4.0,4.0,0.20192392358610708,0.92,3.71,7.5,0.9763,5,5,0,2,0,0,0.4,0.0,0.0,0.0,0.0,0.8,15,0,0.0,0.4,0.05,0.03,0.0,0,0,0.03577878729750713,0.030167170675526375,3.0,3.6
664728,Kyle Isbel,CF,KCR,KCR,Taj Bradley,671737,2026-04-02,R,R,0.07142857142857142,0.07142857142857142,0.07142857142857142,0,0,0,91.82692307692307,91.82692307692307,91.82692307692307,1.02,65.2,6.4,0.0062,0.8,-0.006799999999999997,0.0,Crosswind (6.4 mph),0,0.92,1,1.0,99,1.0,3.8,4,0.047619047619047596,0.2666666666666666,5.650641025641024,0.016000000000000007,0.3609999999999999,87.79999999999997,0.8,0.12,1.1,0.35,4.0,4.0,0.07181328545780968,0.92,4.93,9.0,1.0129,4,4,0,0,0,1,0.0,0.0,0.0,0.25,0.0,0.0,12,0,0.0,0.0,0.05,0.036,0.0,0,0,0.028846718681355316,0.02686407192668742,2.7,2.9
699912,Jose Fernandez,SS,AZ,AZ,Reynaldo López,625643,2026-04-02,R,R,1.0,1.0,1.0,0,0,0,94.92500000000001,94.92500000000001,94.92500000000001,1.0,72.0,5.0,0.0,0.0,0.0,0.0,Unknown,0,0.92,1,1.0,99,1.0,3.8,4,0.12,0.35,12.0,0.06,0.35,88.0,0.3,0.12,1.1,0.35,4.0,4.0,0.2341210997837503,0.92,4.5,9.0,1.0,0,0,0,0,0,0,0.0,0.0,0.0,0.0,0.0,0.0,0,0,0.0,0.0,0.05,0.05,0.0,0,0,0.027526003929475944,0.02532392361511787,2.5,2.8
805367,Chase Meidroth,SS,CWS,CWS,Dylan Cease,656302,2026-04-02,R,R,0.11764705882352941,0.11764705882352941,0.11764705882352941,0,0,0,89.52682926829269,89.52682926829269,89.52682926829269,0.96,64.7,17.1,0.116,14.5,-0.0072999999999999975,0.1,Strong tailwind (14.5 mph out),0,0.92,1,1.0,99,1.0,3.8,4,0.05319148936170212,0.24040920716112527,5.982051282051283,0.016000000000000007,0.3609999999999999,88.20000000000003,0.8,0.12,1.1,0.35,4.0,4.0,0.29369846839883895,0.92,4.5,9.0,1.0,3,3,0,0,0,1,0.0,0.0,0.0,0.333,0.0,0.0,9,0,0.0,0.0,0.05,0.042,0.0,0,0,0.02478757904221614,0.025264118861198327,2.5,2.5
677950,Alek Thomas,CF,AZ,AZ,Reynaldo López,625643,2026-04-02,R,R,0.18181818181818182,0.18181818181818182,0.18181818181818182,0,0,0,92.64583333333333,92.64583333333333,92.64583333333333,1.0,72.0,5.0,0.0,0.0,0.0,0.0,Unknown,0,0.92,2,1.03,99,1.0,3.8,4,0.1071428571428571,0.2576687116564416,3.2391304347826084,0.078,0.39299999999999985,89.60000000000001,0.8,0.12,1.1,0.35,4.0,4.0,0.2341210997837503,0.9476000000000001,4.5,9.0,1.0,0,0,0,0,0,0,0.0,0.0,0.0,0.0,0.0,0.0,0,0,0.0,0.0,0.05,0.05,0.0,0,0,0.019497537675003212,0.018475866700833045,1.8,1.9
545121,Ildemaro Vargas,2B,AZ,AZ,Reynaldo López,625643,2026-04-02,R,R,0.23076923076923078,0.23076923076923078,0.23076923076923078,0,0,0,93.9258064516129,93.9258064516129,93.9258064516129,1.0,72.0,5.0,0.0,0.0,0.0,0.0,Unknown,0,0.92,1,1.0,99,1.0,3.8,4,0.1034482758620689,0.2636363636363636,3.2990654205607486,0.038999999999999986,0.3729999999999999,89.19999999999997,0.8,0.12,1.1,0.35,4.0,4.0,0.2341210997837503,0.92,4.5,9.0,1.0,0,0,0,0,0,0,0.0,0.0,0.0,0.0,0.0,0.0,0,0,0.0,0.0,0.05,0.05,0.0,0,0,0.016026633481184643,0.014744502802689873,1.5,1.6
682668,Luisangel Acuña,2B,CWS,CWS,Dylan Cease,656302,2026-04-02,R,R,0.0,0.0,0.0,0,0,0,90.04761904761905,90.04761904761905,90.04761904761905,0.96,64.7,17.1,0.116,14.5,-0.0072999999999999975,0.1,Strong tailwind (14.5 mph out),0,0.92,1,1.0,99,1.0,3.8,4,0.0,0.19871794871794873,1.8389261744966443,0.0139999999999999,0.35500000000000004,87.89999999999996,0.8,0.12,1.1,0.35,4.0,4.0,0.29369846839883895,0.92,4.5,9.0,1.0,0,0,0,0,0,0,0.0,0.0,0.0,0.0,0.0,0.0,0,0,0.0,0.0,0.05,0.05,0.0,0,0,0.0,0.01,1.0,0.0
