pitch_fb_pct,pitch_sl_pct,pitch_cu_pct,pitch_ch_pct,pitch_avg_fb_velo,pitch_avg_velo,pitch_fb_up_zone_pct,pitch_upper_zone_pct,pitch_barrel_rate_allowed,pitch_hard_hit_rate_allowed,pitch_hr_per_9_statcast,pitch_avg_sl_spin,pitch_sample_size,pitcher_id,season
0.4813932718070854,0.0,0.0,0.2357844596606133,92.35819418676562,88.88942717854965,0.2387136672850958,0.1348615659422447,0,0.3935810810810811,0.1125334921107472,2400.0,3359,657277,2025
0.5809637832984137,0.0194552529182879,0.1727027835977252,0.1131397785094283,94.19531169500256,88.2965868263473,0.1669242658423493,0.1299012271774917,0,0.3701842546063651,0.1293026040107752,2539.6,3341,608331,2025
0.5121527777777778,0.1064814814814814,0.1475694444444444,0.2065972222222222,94.7593220338983,89.82899197145406,0.2022598870056497,0.1157407407407407,0,0.3502024291497975,0.21875,2434.353260869565,3456,642547,2025
0.4944225721784777,0.0554461942257217,0.0475721784776902,0.2450787401574803,98.06204379562044,92.9278871391076,0.2116788321167883,0.1315616797900262,0,0.3991596638655462,0.0974409448818897,2315.473372781065,3048,694973,2025
0.5329873980726464,0.2594514455151964,0.1541882876204596,0.0526315789473684,99.45299026425592,95.83209785025946,0.2433936022253129,0.1875463306152705,0,0.3743016759776536,0.1801334321719792,2484.9342857142856,1349,694819,2025
0.5732562938505984,0.1106066859265373,0.1456871646718943,0.167560874948411,95.65464362850972,92.03712277800744,0.2008639308855291,0.1287659925711927,0,0.4538653366583541,0.1894345852249277,2206.53125,2423,681343,2025
0.4882864792503347,0.143908969210174,0.1111111111111111,0.2275769745649263,93.16490747087046,85.8667356084109,0.2200137080191912,0.1469210174029451,0,0.3676731793960923,0.1897590361445783,2485.1906976744185,2988,571510,2025
0.5594936708860759,0.0,0.3012658227848101,0.1354430379746835,96.53009049773756,92.46852791878176,0.1990950226244343,0.1417721518987341,0,0.4177215189873418,0.2392405063291139,2400.0,790,676917,2025
0.5574677320221266,0.1198524892440073,0.0,0.2501536570374923,92.9883131201764,88.82083589428396,0.2282249173098125,0.1339889366933005,0,0.4844290657439446,0.0995697602950215,2190.974358974359,1627,669432,2025
0.6078499478985759,0.0896144494616186,0.0382077110107676,0.1076762764848905,93.56919999999998,90.11334525939176,0.2457142857142857,0.1691559569294894,0,0.4070021881838074,0.2438346648141715,2333.4651162790697,2879,657746,2025
0.5163182984965163,0.0,0.1481481481481481,0.195086175284195,92.41235795454544,87.87627429409608,0.1690340909090909,0.1228456178951228,0,0.3386773547094188,0.1881188118811881,2400.0,2727,671096,2025
0.7751637879690292,0.0,0.0,0.0416914830256104,94.4223588167499,92.24158506731946,0.1924702266615443,0.1557474687313877,0,0.3694029850746269,0.2010125074449077,2400.0,3358,676979,2025
0.6370782836554209,0.042908614477563,0.1735997379626596,0.1166066164428431,95.94560411311056,92.55135043889264,0.190745501285347,0.1444480838519489,0,0.3142250530785562,0.1503439240091713,2198.1908396946565,3053,686613,2025
0.5804878048780487,0.0620209059233449,0.2630662020905923,0.0940766550522648,97.24771908763506,93.0888462879052,0.0990396158463385,0.0797909407665505,0,0.4811881188118811,0.1222996515679442,2420.808988764045,2870,667755,2025
0.5942989724892277,0.0016572754391779,0.219423268147166,0.0019887305270135,93.24880089235918,88.02616201859232,0.2348020078081427,0.1909181305933046,0,0.4497991967871486,0.2147828969174676,2400.0,3017,601713,2025
0.5210135970333746,0.1257725587144623,0.0259579728059332,0.3012978986402966,97.5555753262159,93.25491751269035,0.2319098457888493,0.1520395550061804,0,0.3172147001934235,0.1752163164400494,2238.928746928747,3236,669373,2025
0.5144250304754165,0.2108898821617228,0.1535960991466883,0.1194636326696464,93.18285939968403,88.76165107767385,0.1919431279620853,0.1470946769605851,0,0.40973630831643,0.2084518488419341,2690.350674373796,2461,669461,2025
0.8678377248013384,0.0020911752404851,0.041405269761606,0.0117105813467168,93.76756626506024,92.69296200345424,0.1932530120481927,0.1773316603931409,0,0.4186046511627907,0.2032622333751568,2400.0,2391,656876,2025
0.4591704471808165,0.1636422553467271,0.0,0.3768632534024627,95.4040254237288,90.39546044098574,0.1107974594213126,0.0631885936487362,0,0.4003466204506066,0.1049902786779002,2090.429702970297,3086,650911,2025
0.4604534005037783,0.0115869017632241,0.1909319899244332,0.3037783375314861,92.50831509846826,87.59536216779573,0.1783369803063457,0.1012594458438287,0,0.3703703703703703,0.1360201511335012,2111.826086956521,1985,543135,2025
0.5303543913713405,0.0283513097072419,0.1845916795069337,0.2557781201848998,94.44503195816384,90.12244143033293,0.1417780360255665,0.0915254237288135,0,0.4047151277013752,0.1331278890600924,2782.945652173913,3245,808967,2025
0.5314641744548286,0.0753894080996884,0.2345794392523364,0.1576323987538941,93.07590855803048,88.79747506234413,0.1805392731535756,0.1096573208722741,0,0.4305317324185249,0.2607476635514019,2382.392561983472,3210,668678,2025
0.3709353673223605,0.3520674427940586,0.0750702529104777,0.2003211561621838,95.41969696969696,88.85637314032971,0.2218614718614718,0.1252509032517061,0,0.4190231362467866,0.2601364913689281,1814.5046403712297,2491,669302,2025
0.6403815580286168,0.0,0.0531001589825119,0.1494435612082671,91.5987090367428,88.15877668047149,0.1703078450844091,0.1399046104928457,0,0.3663716814159292,0.248966613672496,2400.0,3145,676440,2025
0.5186009538950715,0.2267090620031796,0.1179650238473767,0.1319554848966613,93.5605763335377,89.59939528962445,0.2869405272838749,0.1809220985691574,0,0.4457593688362919,0.2060413354531001,2266.553997194951,3145,592662,2025
0.8166112956810632,0.0099667774086378,0.1455149501661129,0.0019933554817275,96.5519121236778,94.2731561461794,0.2042310821806346,0.1833887043189369,0,0.3839662447257383,0.1435215946843853,2475.0,1505,693645,2025
0.523836875358989,0.0910396323951752,0.0,0.3805284319356691,94.49473684210524,89.80380842469705,0.1496710526315789,0.0873061458931648,0,0.4166666666666667,0.1938541068351522,2319.8738170347,3482,592332,2025
0.6389481165600569,0.0387348969438521,0.0,0.0522388059701492,95.19060066740823,91.74024166971805,0.2224694104560622,0.1727078891257995,0,0.4083175803402646,0.1535181236673773,2494.4311926605506,2814,622663,2025
0.596958174904943,0.1704113377117179,0.0,0.2319391634980988,95.09982628836131,92.3356278104462,0.1412854661262304,0.0960940200483926,0,0.4496268656716418,0.2053231939163498,2444.174442190669,2893,645261,2025
0.5495107632093933,0.0,0.2571428571428571,0.061839530332681,90.34152421652422,87.2190420102081,0.168091168091168,0.1076320939334637,0,0.4737793851717902,0.2430528375733855,2400.0,2555,607536,2025
0.4370829361296472,0.4575786463298379,0.0,0.0734032411820781,94.76619411123228,86.74751354012803,0.218102508178844,0.1143946615824594,0,0.3429487179487179,0.1415633937082936,2355.712643678161,2098,519242,2025
0.5034423407917383,0.1282271944922547,0.1187607573149741,0.1781411359724612,94.79863247863248,89.52974976830399,0.2393162393162393,0.153184165232358,0,0.3396226415094339,0.2091222030981067,2651.496644295302,1162,666142,2025
0.446822308690013,0.1945525291828793,0.1186770428015564,0.2367055771725032,95.53512336719884,89.93760572543917,0.2220609579100145,0.1536964980544747,0,0.4200743494423792,0.2276264591439688,2536.48,1542,681347,2025
0.3597122302158273,0.3622145761651548,0.1504535502033156,0.1201126055677197,94.7411304347826,88.52514142049026,0.1791304347826087,0.1294964028776978,0,0.4149532710280373,0.202690021895527,2291.304835924007,3197,579328,2025
0.5158301158301158,0.054054054054054,0.0,0.2046332046332046,93.16976047904193,89.2037156704362,0.2155688622754491,0.1312741312741312,0,0.3581395348837209,0.2501930501930502,2496.157142857143,1295,650633,2025
0.4581099195710456,0.0318364611260053,0.3284182305630027,0.1792895442359249,94.22326261887343,88.23076923076923,0.1389904901243599,0.0827747989276139,0,0.4619565217391304,0.1538203753351206,2535.694736842105,2984,664285,2025
0.5582564962279967,0.2917015926236379,0.1056160938809723,0.0440067057837384,96.28866366366368,91.95664570230608,0.2792792792792792,0.1785414920368818,0,0.4405940594059406,0.2150041911148365,2375.699712643678,2386,669923,2025
0.580226904376013,0.0,0.2210696920583468,0.0006482982171799,95.35659217877094,90.6467098865478,0.2184357541899441,0.1448946515397082,0,0.4460887949260042,0.2012965964343598,2400.0,3085,668909,2025
0.4723926380368098,0.3052147239263804,0.0598159509202454,0.1587423312883435,95.7051948051948,90.71969230769233,0.297077922077922,0.187883435582822,0,0.4320388349514563,0.1449386503067484,2359.464824120603,1304,686218,2025
0.7205240174672489,0.1433108376339817,0.1079793568876538,0.0277888050813815,94.96699724517909,91.9373312152502,0.2099173553719008,0.1627630011909488,0,0.4535398230088495,0.1929337038507344,2401.7174515235456,2519,669194,2025
0.5774278215223098,0.0019685039370078,0.1167979002624672,0.0990813648293963,91.72784090909092,88.27662508207484,0.2329545454545454,0.1391076115485564,0,0.3933933933933934,0.2125984251968504,2400.0,1524,700241,2025
0.4428152492668621,0.3206256109481916,0.0,0.1485826001955034,98.51677704194262,94.90214132762311,0.1655629139072847,0.1300097751710655,0,0.4285714285714285,0.2111436950146627,2611.8318042813457,1023,671212,2025
0.5439170758319695,0.0010911074740861,0.0949263502454991,0.1243862520458265,95.67432296890672,90.86733780760626,0.1624874623871615,0.1129296235679214,0,0.4057971014492754,0.1472995090016366,2400.0,1833,690990,2025
0.4459187776437475,0.2328106151990349,0.1728990751909931,0.1145958986731001,92.74066726780885,87.51691502215063,0.1983769161406672,0.1544028950542822,0,0.4177693761814744,0.3148371531966224,2276.4283246977548,2487,571945,2025
0.4598311972491403,0.405751797436699,0.0815879962488277,0.0146920912785245,97.03779741672332,91.88079698776278,0.2270564242012236,0.138168177555486,0,0.375,0.1772428884026258,2763.8875192604005,3199,656302,2025
0.4703071672354948,0.1962457337883959,0.0,0.2457337883959044,90.2423802612482,85.2163329820864,0.204644412191582,0.1361774744027303,0,0.3669201520912547,0.2672354948805461,2226.5391304347827,2930,605488,2025
0.5526315789473685,0.3198380566801619,0.1275303643724696,0.0,94.65970695970697,90.82813765182186,0.2051282051282051,0.1477732793522267,0,0.3823529411764705,0.1639676113360323,2589.170886075949,494,680694,2025
0.6882207578253706,0.0,0.1404448105436573,0.1486820428336079,94.08856971873128,91.88613569321537,0.1795332136445242,0.1544481054365733,0,0.3940774487471526,0.2112850082372322,2400.0,2428,671737,2025
0.5520958083832336,0.0,0.2934131736526946,0.1544910179640718,90.73958785249457,86.14538922155688,0.1843817787418655,0.1035928143712574,0,0.4417808219178082,0.307185628742515,2400.0,1670,605400,2025
0.4577595831782657,0.3755117231112765,0.0513583922590249,0.1142538146631931,97.46739837398374,93.06140089418776,0.2260162601626016,0.1135094901377,0,0.425764192139738,0.2713062895422404,2695.360753221011,2687,594798,2025
0.6085626911314985,0.2837240910635406,0.0,0.0,91.28687883863762,87.7661909616038,0.1848129536571747,0.1230037376826367,0,0.4064386317907444,0.1743119266055046,2432.249101796407,2943,663903,2025
0.521398002853067,0.0156918687589158,0.1825962910128388,0.0855920114122681,90.96210670314638,87.34212218649517,0.2051983584131327,0.1348074179743223,0,0.4064885496183206,0.2599857346647646,2620.25,2804,543243,2025
0.5183129855715871,0.1908990011098779,0.1368849426563078,0.1524232334443211,91.68386866523912,87.46343090033345,0.1784439685938615,0.1091379948205697,0,0.46,0.1098779134295227,2314.238372093024,2703,656849,2025
0.5179856115107914,0.1373758136348064,0.0719424460431654,0.0685166152792052,93.68571428571428,89.07721254355403,0.207010582010582,0.1339499828708461,0,0.4335793357933579,0.1942446043165467,2531.1246882793016,2919,656605,2025
0.5325373134328358,0.2185074626865671,0.0919402985074626,0.0782089552238805,97.61838565022424,91.68649133293484,0.1692825112107623,0.1188059701492537,0,0.4653061224489795,0.1934328358208955,2487.1939890710382,1675,691587,2025
0.5095993322203672,0.115609348914858,0.1126878130217028,0.172787979966611,92.7900081900082,88.21193656093489,0.1875511875511875,0.1348080133555926,0,0.4,0.2929883138564274,2581.5523465703973,2396,547179,2025
0.4935275080906149,0.0,0.1197411003236245,0.186084142394822,92.82098360655738,86.4320907617504,0.2295081967213114,0.1812297734627831,0,0.3831775700934579,0.1310679611650485,2400.0,618,664299,2025
0.4409246575342466,0.2893835616438356,0.1960616438356164,0.0008561643835616,95.82582524271844,88.77121771217712,0.2776699029126213,0.1866438356164383,0,0.4047619047619047,0.1386986301369863,2332.165680473373,1168,672282,2025
0.8365122615803815,0.0485921889191644,0.0,0.0608537693006357,91.24109663409338,90.58648269410664,0.2106406080347448,0.1834695731153496,0,0.4127423822714681,0.1839237057220708,2441.495327102804,2202,694477,2025
0.4775030401297122,0.223348196189704,0.232671260640454,0.0648561005269558,94.3713921901528,88.64955357142857,0.2232597623089983,0.1649777057154438,0,0.4226044226044226,0.2626672071341711,2505.036297640653,2467,680732,2025
0.4698795180722891,0.3554216867469879,0.1204819277108433,0.0542168674698795,94.71794871794874,87.40903614457832,0.141025641025641,0.0903614457831325,0,0.5641025641025641,0.1626506024096385,2340.966101694916,166,625643,2025
0.5478007997091967,0.1217739003998546,0.0770628862231915,0.2529989094874591,91.75560716655608,86.62436363636364,0.1824817518248175,0.1395856052344602,0,0.3557168784029038,0.1766630316248637,1953.55223880597,2751,608379,2025
0.6237830319888734,0.1001390820584144,0.0,0.2753824756606398,90.68238573021182,88.12830319888734,0.2508361204013378,0.1787204450625869,0,0.3793103448275862,0.0938803894297635,2447.625,1438,641816,2025
0.6115675320407492,0.0,0.0673677292145908,0.0946434439697666,93.25609887157442,89.582382720216,0.1783987103707684,0.1242195202103187,0,0.4383561643835616,0.2661846861649687,2400.0,3043,701542,2025
0.6354119253527537,0.0209376422394173,0.1256258534365043,0.0678197542102867,92.12836676217763,88.92392923649906,0.160458452722063,0.1265361857077833,0,0.3837471783295711,0.2089212562585344,2760.826086956521,2197,681190,2025
0.4795622787254586,0.2413904087544255,0.2497586095912455,0.0280012874155133,92.90073825503356,87.05826619400581,0.1429530201342282,0.0717734148696491,0,0.4387096774193548,0.2085613131638236,2434.146978021978,3107,656427,2025
0.5497630331753555,0.2180094786729857,0.2301211163770405,0.0,95.96159003831416,91.32214022140222,0.1963601532567049,0.1516587677725118,0,0.3832116788321167,0.1706161137440758,2660.8349514563106,1899,607192,2025
0.7104377104377104,0.0400299289188178,0.0452674897119341,0.2008978675645342,91.3187467087941,89.42435272045029,0.1700895208004212,0.1290684624017957,0,0.3565737051792829,0.2525252525252525,2151.6728971962616,2673,593958,2025
0.7292103424178896,0.1079664570230607,0.0,0.0691823899371069,95.59870627695256,93.39660601819456,0.2151413512218495,0.1747030048916841,0,0.4231499051233396,0.2547169811320754,2243.443365695793,2862,693433,2025
0.4118673647469459,0.0860965677719604,0.183827806864456,0.302501454333915,91.74110169491524,84.3339243498818,0.1949152542372881,0.1617219313554392,0,0.4015151515151515,0.1884816753926701,2013.912162162162,1719,676282,2025
0.5851688693098385,0.0301027900146842,0.2683553597650513,0.1141703377386196,95.26273525721454,91.54801470588234,0.2434127979924717,0.1835535976505139,0,0.3939393939393939,0.2577092511013216,2330.8414634146343,2724,669358,2025
0.3918299291371405,0.1779908295122967,0.0358482701125469,0.2876198416006669,90.24148936170212,85.2585660691955,0.2585106382978723,0.1488120050020842,0,0.3953974895397489,0.3376406836181742,2028.8688524590164,2399,641927,2025
0.4390396008730901,0.0792017461802307,0.0,0.1724352977860929,96.35873579545456,90.95867124142234,0.2173295454545454,0.1206735266604303,0,0.3723196881091618,0.1431244153414406,2380.1299212598424,3207,666200,2025
0.5409609402004839,0.1175250604908399,0.2371240926374006,0.1040442447286553,94.86485623003196,89.84713001383126,0.2319488817891374,0.159004493605254,0,0.4459770114942529,0.1866574490148634,2096.0235294117647,2893,669022,2025
0.4771573604060913,0.3563451776649746,0.1517766497461929,0.0116751269035532,93.73563829787234,89.13480916030535,0.1680851063829787,0.0939086294416243,0,0.4188311688311688,0.2192893401015228,2840.9729344729344,1970,656550,2025
0.5018255578093306,0.0551724137931034,0.178498985801217,0.101419878296146,90.93241713823768,85.59107142857144,0.1932093775262732,0.1456389452332657,0,0.4603174603174603,0.3066937119675456,2614.360294117647,2465,607625,2025
0.6579804560260586,0.1085776330076004,0.1449511400651466,0.0754614549402823,90.16930693069308,86.78960967564595,0.2458745874587458,0.1840390879478827,0,0.425,0.2198697068403908,2245.765,1842,641778,2025
0.5237515225334958,0.0779537149817296,0.0,0.1303288672350791,97.25441860465116,91.3875761266748,0.2069767441860465,0.1583434835566382,0,0.4160583941605839,0.2630937880633374,2873.53125,821,806960,2025
0.4339152119700748,0.1072319201995012,0.1820448877805486,0.1820448877805486,93.75,87.8216957605985,0.1724137931034483,0.1047381546134663,0,0.4210526315789473,0.0,2323.8372093023254,401,813349,2025
0.4959459459459459,0.0,0.1581081081081081,0.0864864864864864,94.36348773841962,89.08484438430311,0.1771117166212534,0.1243243243243243,0,0.4336283185840708,0.1459459459459459,2400.0,740,690997,2025
0.5133495145631068,0.1432038834951456,0.0885922330097087,0.1516990291262135,95.9932624113475,91.43673345476624,0.1784869976359338,0.1225728155339805,0,0.4013377926421405,0.1310679611650485,2468.676595744681,1648,669387,2025
0.3565610859728507,0.3466063348416289,0.0,0.1764705882352941,94.7271573604061,91.13432971014493,0.1522842639593908,0.0932126696832579,0,0.4764150943396226,0.3176470588235294,2616.3456464379947,1105,676974,2025
0.5458477508650519,0.0,0.1340830449826989,0.2153979238754325,90.54667194928685,86.73396392432907,0.144215530903328,0.0847750865051903,0,0.4063205417607223,0.2335640138408304,2400.0,2312,500779,2025
0.6540235776524859,0.1491542798564838,0.0,0.1337775499743721,95.51191222570534,92.78149870801036,0.122257053291536,0.1030240902101486,0,0.4873096446700508,0.3044592516658124,2733.4295532646047,1951,686799,2025
0.4845360824742268,0.0343642611683848,0.1477663230240549,0.140893470790378,95.96737588652482,90.27731958762884,0.1063829787234042,0.0996563573883161,0,0.3793103448275862,0.0,2400.0,291,687075,2025
0.5977777777777777,0.0,0.0,0.0075555555555555,94.27464684014868,90.678418230563,0.1524163568773234,0.1084444444444444,0,0.4466501240694789,0.252,2400.0,2250,669160,2025
0.5831244778613199,0.0150375939849624,0.2138680033416875,0.1871345029239766,94.5183381088825,89.2310776942356,0.2621776504297994,0.1829573934837092,0,0.4016393442622951,0.1804511278195488,2212.4444444444443,1197,571927,2025
0.5067506750675067,0.0058505850585058,0.0153015301530153,0.3042304230423042,90.79849023090588,86.33977477477477,0.2770870337477797,0.1836183618361836,0,0.4367816091954023,0.4131413141314132,2530.846153846154,2222,684007,2025
0.5833050559891415,0.0434340006786562,0.2952154733627418,0.0770274855785544,91.82070971495057,86.8413921901528,0.1861547411285631,0.1323379708177808,0,0.4705882352941176,0.3481506616898541,2487.2734375,2947,663623,2025
0.6555407209612817,0.1081441922563418,0.0,0.198931909212283,94.7853360488798,91.13177570093458,0.175152749490835,0.1201602136181575,0,0.423728813559322,0.2703604806408545,2441.796296296296,1498,676106,2025
0.5732514177693762,0.1810018903591682,0.16351606805293,0.0765595463137996,93.9184666117065,88.38782567503553,0.2234130255564715,0.1526465028355387,0,0.4914004914004914,0.3062381852551985,2571.584856396867,2116,677944,2025
0.7166123778501629,0.0618892508143322,0.2149837133550488,0.0,97.87795454545456,94.64983606557378,0.1636363636363636,0.1547231270358306,0,0.5,0.0,2684.7894736842104,614,691799,2025
0.5636540330417882,0.0,0.0,0.0,90.26637931034485,86.64965312190287,0.246551724137931,0.1720116618075801,0,0.3464052287581699,0.183673469387755,2400.0,1029,689254,2025
0.5275229357798165,0.0091743119266055,0.4311926605504587,0.0275229357798165,95.80869565217392,90.02903225806453,0.1739130434782608,0.1146788990825688,0,0.2941176470588235,0.0,2400.0,218,679883,2025
0.6970172684458399,0.1467817896389324,0.0965463108320251,0.0588697017268445,93.92815315315316,90.6878240377062,0.152027027027027,0.1185243328100471,0,0.4863636363636364,0.2543171114599686,2182.1675675675674,1274,677958,2025
0.484423676012461,0.0358255451713395,0.0,0.292834890965732,96.7614147909968,91.30514018691588,0.2218649517684887,0.1386292834890965,0,0.4224137931034483,0.2943925233644859,2619.391304347826,642,677960,2025
0.5527777777777778,0.1152777777777777,0.2138888888888888,0.0875,96.19497487437188,91.305,0.2864321608040201,0.1944444444444444,0,0.4915254237288136,0.3,2419.397590361446,720,690953,2025
0.5228365384615384,0.0,0.0,0.0943509615384615,93.63574712643678,88.1496183206107,0.2160919540229885,0.1412259615384615,0,0.3863636363636363,0.1947115384615384,2400.0,1664,647336,2025
0.5422204847537139,0.3518373729476153,0.0,0.1039874902267396,91.78767123287672,88.60795142969056,0.1189617880317231,0.08835027365129,0,0.4406438631790744,0.253322908522283,2491.8866666666668,2558,693821,2025
0.4727468969239072,0.0,0.3561791689152725,0.1699946033459255,92.41689497716897,85.83468395461912,0.2168949771689497,0.1138694009713977,0,0.3650306748466257,0.1602806260118726,2400.0,1853,694738,2025
0.5430974071478627,0.1086194814295725,0.0,0.1569726699369306,93.09432258064516,89.34684653118431,0.1503225806451613,0.1159775753328661,0,0.421259842519685,0.1324456902592852,2595.5974025974024,2854,605280,2025
0.3337771859742565,0.17265867731913,0.2356857523302263,0.2574345317354638,96.90651595744684,91.72846358792184,0.2074468085106383,0.1056369285397248,0,0.4638069705093833,0.203728362183755,2548.2699228791776,2253,665795,2025
0.4944,0.1456,0.1264,0.2336,92.44466019417476,87.78511999999999,0.1974110032362459,0.1136,0,0.2975206611570248,0.1727999999999999,2401.6043956043954,625,800048,2025
0.495225102319236,0.0,0.0,0.3697135061391541,96.59889807162534,90.48196721311474,0.1542699724517906,0.0927694406548431,0,0.4436090225563909,0.2210095497953615,2400.0,733,808963,2025
0.4426377597109304,0.3107497741644083,0.2095754290876242,0.032520325203252,96.83244897959185,92.52858439201452,0.1632653061224489,0.1309846431797651,0,0.3846153846153846,0.073170731707317,2620.3226744186045,1107,677952,2025
0.6745329400196657,0.0334316617502458,0.1592920353982301,0.0714519829564077,90.86875607385812,85.9325336838646,0.1899902818270165,0.143559488692232,0,0.3661710037174721,0.1946902654867256,2367.2156862745096,3051,605135,2025
0.6054313099041534,0.0447284345047923,0.1613418530351437,0.1876996805111821,89.37434036939314,84.61151079136691,0.1781002638522427,0.1166134185303514,0,0.316348195329087,0.1617412140575079,2171.1339285714284,2504,624133,2025
0.5855773619351894,0.1474212688270196,0.1287083523505248,0.0684618895481515,92.94871395167576,89.09017816354499,0.1784879189399844,0.1287083523505248,0,0.3775,0.27110908261068,2523.498452012384,2191,621111,2025
0.6246312684365781,0.021386430678466,0.1202064896755162,0.2334070796460177,92.21547548730064,88.56959409594096,0.230224321133412,0.1644542772861356,0,0.4533582089552239,0.3185840707964602,1998.8275862068965,2712,663978,2025
0.4505606523955148,0.2747196738022426,0.1335372069317023,0.1396534148827727,93.1697963800905,87.87314956610516,0.2002262443438914,0.1391437308868501,0,0.4186746987951807,0.2477064220183486,2298.7257462686566,1962,680573,2025
0.587014982712255,0.1029581252401075,0.1087207068766807,0.1978486361890127,91.34306282722514,86.88500963391135,0.1976439790575916,0.1498271225509028,0,0.3485714285714286,0.2281982328082981,2432.4216417910447,2603,607259,2025
0.4455236486486486,0.2136824324324324,0.0485641891891891,0.2436655405405405,93.56473933649288,90.3775708844689,0.2227488151658767,0.1376689189189189,0,0.4483516483516483,0.2280405405405405,2582.122529644269,2368,663436,2025
0.4461459928534967,0.1357835630423685,0.0,0.2113323124042879,92.07700228832954,87.89355498721228,0.2425629290617849,0.1628381827462991,0,0.407624633431085,0.0964777947932618,2480.0150375939847,1959,663460,2025
0.6402027027027027,0.0,0.0,0.0793918918918918,94.13799472295511,90.1908163265306,0.1767810026385224,0.1317567567567567,0,0.4271844660194174,0.1824324324324324,2400.0,592,690986,2025
0.5065567628325215,0.2326714125140502,0.0925440239790183,0.1674784563506931,97.05421597633136,92.4013868065967,0.1826923076923076,0.1423754215061821,0,0.4375,0.1820906706631697,2548.9459016393444,2669,683004,2025
0.5874035989717223,0.3393316195372751,0.0167095115681233,0.0552699228791773,98.71378555798688,95.40269922879176,0.2647702407002188,0.1825192802056555,0,0.4678899082568807,0.1735218508997429,2818.814393939394,778,695505,2025
0.4533483822422874,0.0,0.0936794582392776,0.2264860797592174,91.6303734439834,87.73259259259258,0.1568464730290456,0.0974416854778028,0,0.387037037037037,0.345372460496614,2400.0,2658,608372,2025
0.5945571955719557,0.1171586715867158,0.0659594095940959,0.2218634686346863,89.58611326609775,87.41675126903553,0.21722265321955,0.1485239852398523,0,0.4117647058823529,0.2615313653136532,2469.452755905512,2168,592836,2025
0.5600240096038416,0.3055222088835534,0.0,0.134453781512605,89.88199356913182,85.3341536614646,0.1832797427652733,0.1158463385354141,0,0.3319502074688796,0.2430972388955582,2370.039292730845,1666,682052,2025
0.3461203138622493,0.0,0.1639058413251961,0.1700087183958151,91.22846347607052,86.31142109851787,0.163727959697733,0.1159546643417611,0,0.5,0.2353966870095902,2400.0,1147,621121,2025
0.5592272496187087,0.0396542958820538,0.0162684290798169,0.0,92.25081818181818,87.7142782152231,0.1327272727272727,0.096085409252669,0,0.3993710691823899,0.1647178444331469,2460.153846153846,1967,673540,2025
0.6605504587155964,0.0489296636085626,0.0,0.0642201834862385,92.10138888888888,89.5388198757764,0.162037037037037,0.1223241590214067,0,0.3636363636363636,0.4128440366972477,2534.8125,327,696270,2025
0.6797507788161994,0.2093457943925233,0.0,0.1109034267912772,94.9166361136572,91.87657320872272,0.2465627864344638,0.1728971962616822,0,0.4642233856893543,0.2018691588785046,2245.0524737631185,3210,622491,2025
0.5572139303482587,0.0,0.0978441127694859,0.1562189054726368,92.7889880952381,89.39304492512478,0.156547619047619,0.096849087893864,0,0.4571917808219178,0.2417910447761194,2400.0,3015,694297,2025
0.6251298026998962,0.0,0.0841121495327102,0.288681204569055,87.96079734219268,85.32788761706556,0.1644518272425249,0.1163032191069574,0,0.3988095238095238,0.1682242990654205,2400.0,963,527048,2025
0.5083281924737816,0.2134484885872918,0.1480567550894509,0.1289327575570635,93.96723300970874,88.76814814814816,0.1856796116504854,0.1307834669956817,0,0.3890675241157556,0.2831585441085749,2734.0550724637683,1621,672456,2025
0.3788321167883212,0.2102189781021897,0.1781021897810219,0.0948905109489051,95.3776493256262,90.6984649122807,0.1888246628131021,0.1364963503649635,0,0.4357976653696498,0.0985401459854014,2379.305555555556,1370,681517,2025
0.4794646977388094,0.1412090447623442,0.1924319335486848,0.1855099215505307,90.4521655437921,86.01829944547134,0.2271414821944177,0.1541301338255652,0,0.3737373737373737,0.2242731887401938,2534.418300653595,2167,702070,2025
0.7513227513227513,0.0141093474426807,0.0634920634920634,0.0423280423280423,91.26173708920189,88.65784832451499,0.1713615023474178,0.1428571428571428,0,0.4035087719298245,0.1428571428571428,2400.0,567,665871,2025
0.6699944536882972,0.0748752079866888,0.194675540765391,0.0565723793677204,90.69114238410596,87.32258601553828,0.2218543046357615,0.1774819744869661,0,0.3949843260188088,0.2396006655574043,2876.207407407408,1803,650644,2025
0.5613793103448276,0.0,0.0841379310344827,0.3420689655172413,91.46879606879608,88.77417127071823,0.1769041769041769,0.1268965517241379,0,0.46875,0.1489655172413793,2400.0,725,669438,2025
0.6298264257881686,0.0010626992561105,0.1218561813673397,0.2008501594048884,91.2124859392576,87.58693392724574,0.1794150731158605,0.1353170386114063,0,0.3453510436432637,0.2104144527098831,2400.0,2823,665152,2025
0.6357446808510638,0.2476595744680851,0.0825531914893617,0.0306382978723404,94.95997322623828,91.81528608027328,0.2182061579651941,0.1880851063829787,0,0.4720812182741117,0.1378723404255319,2441.931271477664,1175,680736,2025
0.547954623581987,0.0680646270195943,0.0941904434513578,0.2636644895152973,91.51737766624844,89.30430486944248,0.1430363864491844,0.0855964248882777,0,0.425414364640884,0.241320041251289,2365.1363636363635,2909,518876,2025
0.6792452830188679,0.2830188679245283,0.0,0.0377358490566037,93.19722222222224,89.44716981132075,0.2222222222222222,0.1698113207547169,0,0.3333333333333333,0.0,2784.9333333333334,53,702273,2025
0.0,0.0,0.0,0.0,92.0,,0.0,0.0,0,0.0,0.0,2400.0,40,663556,2025
0.5359835503769705,0.0,0.1014393420150788,0.0781357093899931,90.9227621483376,85.93824948311509,0.1726342710997442,0.1226867717614804,0,0.4055944055944055,0.3886223440712817,2400.0,1459,676467,2025
0.5396825396825397,0.0158730158730158,0.0,0.2154195011337868,90.61176470588236,85.45079365079366,0.2058823529411764,0.1247165532879818,0,0.4084507042253521,0.1224489795918367,2400.0,441,676571,2025
0.6454018227009114,0.12013256006628,0.0,0.2137531068765534,87.8961489088575,84.31751269035531,0.2130937098844672,0.164043082021541,0,0.3187772925764192,0.2460646230323115,2311.2344827586207,1207,608718,2025
0.5656370656370656,0.3351351351351351,0.0057915057915057,0.0926640926640926,89.76075085324231,85.72886398763525,0.1795221843003413,0.1096525096525096,0,0.403765690376569,0.2189189189189189,2229.0748847926266,2590,571578,2025
0.5466434176111595,0.4228421970357454,0.0,0.027898866608544,96.23397129186604,92.19667832167832,0.1658692185007974,0.1211857018308631,0,0.3710691823899371,0.2824760244115082,2443.721649484536,1147,673929,2025
0.6688311688311688,0.0,0.0,0.0009276437847866,96.62579750346742,92.20772811918064,0.1914008321775312,0.1586270871985157,0,0.345679012345679,0.150278293135436,2400.0,1078,675848,2025
0.3995132127955493,0.2760778859527121,0.0,0.269471488178025,91.85300261096606,87.64458753915767,0.2741514360313316,0.1766342141863699,0,0.4111842105263157,0.3379694019471488,2198.88326848249,2876,641793,2025
0.5401301518438177,0.1735357917570499,0.0607375271149674,0.2255965292841648,98.88273092369478,94.74034707158351,0.2690763052208835,0.1822125813449024,0,0.4069767441860465,0.1171366594360086,2357.9375,461,696149,2025
0.3738819320214669,0.2790697674418604,0.1162790697674418,0.0799045915324985,93.61626794258376,88.19272510435302,0.2025518341307815,0.1371496720333929,0,0.4681440443213296,0.1288014311270125,2355.152034261242,1677,676083,2025
0.4587301587301587,0.1646825396825396,0.0,0.244047619047619,94.6613321799308,90.67015103338632,0.2058823529411764,0.1436507936507936,0,0.4294871794871794,0.2357142857142857,2184.380722891566,2520,663554,2025
0.2307692307692307,0.0,0.0,0.0,90.02083333333333,81.92403846153846,0.2083333333333333,0.1346153846153846,0,0.5,0.2596153846153846,2400.0,104,663362,2025
0.5281615302869288,0.0892667375132837,0.157279489904357,0.2231668437832093,92.54828973843058,87.9472340425532,0.2515090543259557,0.1668437832093517,0,0.4224598930481283,0.3443145589798086,2063.2023809523807,941,687064,2025
0.4166666666666667,0.2692307692307692,0.1196581196581196,0.0865384615384615,95.51666666666668,89.46530612244898,0.1974358974358974,0.1175213675213675,0,0.4166666666666667,0.1730769230769231,2568.1111111111118,936,690928,2025
0.7738589211618258,0.0,0.0373443983402489,0.1763485477178423,92.25308310991956,90.0734439834025,0.1823056300268096,0.1597510373443983,0,0.358974358974359,0.2520746887966805,2400.0,964,605540,2025
0.6987179487179487,0.30128205128205127,0.0,0.0,93.57339449541284,91.62179487179488,0.07339449541284404,0.060897435897435896,0,0.44642857142857145,0.17307692307692307,2160.340425531915,312,641835,2025
0.5776302349336058,0.15526046986721145,0.11593462717058223,0.1511746680286006,94.5526967285588,90.71266598569969,0.125552608311229,0.09499489274770173,0,0.47692307692307695,0.13789581205311544,2421.3914473684213,1958,605288,2025
